source_model,endpoint,compound,observed_log_value,MW,logP
Smith_2024,logPS,Erythrosine B,3.9215824403934163,834.0,6.96
Smith_2024,logPS,Arachidonate,3.4923412532549745,304.0,7.57
Smith_2024,logPS,Palmitate,3.0982975364946976,256.0,6.96
Smith_2024,logPS,Chlorpromazine,1.2966651902615312,319.0,5.4
Smith_2024,logPS,t-butyl chlorambucil,1.506505032404872,376.0,5.24
Smith_2024,logPS,Sertraline,1.4983105537896004,306.0,5.0
Smith_2024,logPS,t-butyl-naproxen,1.1613680022349748,302.0,5.0
Smith_2024,logPS,Amitriptyline,1.8836614351536176,277.0,4.61
Smith_2024,logPS,Fluoxetine,1.8733206018153987,309.0,4.5
Smith_2024,logPS,Imipramine,1.3263358609287514,280.0,4.39
Smith_2024,logPS,Ibuprofen,1.4857214264815801,206.0,4.13
Smith_2024,logPS,Estradiol,0.8394780473741984,272.0,3.94
Smith_2024,logPS,Flurbiprofen,1.5820633629117087,224.0,3.99
Smith_2024,logPS,Warfarin,1.7092699609758308,308.0,3.54
Smith_2024,logPS,Indomethacin,1.1643528557844371,358.0,3.51
Smith_2024,logPS,Paroxetine,1.591064607026499,329.0,3.5
Smith_2024,logPS,Progesterone,0.5440680443502757,315.0,3.48
Smith_2024,logPS,Propranolol,1.1209028176145273,259.0,3.48
Smith_2024,logPS,Chlorambucil,1.2586372827240764,304.0,3.41
Smith_2024,logPS,Naproxen,1.1162755875805443,230.0,3.24
Smith_2024,logPS,Iofetamine,0.9772662124272927,299.0,3.26
Smith_2024,logPS,Diphenhydramine,0.4638929889859073,255.0,3.18
Smith_2024,logPS,Midazolam,0.1673173347481761,326.0,3.12
Smith_2024,logPS,Testosterone,-0.13076828026902382,288.0,3.1
Smith_2024,logPS,DHEA,0.5024271199844327,288.0,3.0
Smith_2024,logPS,Diazepam,-0.045757490560675115,285.0,2.84
Smith_2024,logPS,Triasolam,-0.1366771398795441,342.0,2.71
Smith_2024,logPS,Alprasolam,-0.3098039199714863,309.0,2.63
Smith_2024,logPS,Valproic acid,0.4653828514484183,144.0,2.71
Smith_2024,logPS,Lorazepam,-0.5228787452803376,321.0,2.39
Smith_2024,logPS,Kynurenic acid,0.414973347970818,189.0,2.28
Smith_2024,logPS,Oxazepam,-0.638272163982407,287.0,2.37
Smith_2024,logPS,Tolbutamide,-0.23657200643706275,270.0,2.34
Smith_2024,logPS,N-butyl-benzene sulfonamide,-0.42021640338318983,213.0,2.2
Smith_2024,logPS,Pentobarbital,-1.2225731776106885,226.0,2.08
Smith_2024,logPS,Phenytoin,-1.5257837359237447,252.0,2.24
Smith_2024,logPS,Flunitrazepam,-0.958607314841775,313.0,2.03
Smith_2024,logPS,Temazepam,-0.8860566476931632,301.0,2.19
Smith_2024,logPS,Reserpine,-0.958607314841775,609.0,1.54
Smith_2024,logPS,Cyclosporin,-1.6179829574251317,1023.0,1.86
Smith_2024,logPS,Hexanol,-0.744727494896694,102.0,2.03
Smith_2024,logPS,Phenobarbital,-1.8664610916297826,232.0,1.53
Smith_2024,logPS,Nicotine,-0.5686362358410126,162.0,1.32
Smith_2024,logPS,Iodoantipyrine,-0.7958800173440752,314.0,1.27
Smith_2024,logPS,Anthranilic acid,-0.44369749923271273,137.0,1.21
Smith_2024,logPS,Aminopyrine,-1.258060922270801,231.0,1.0
Smith_2024,logPS,3-hydroxy-anthranilic acid,-1.0525662781129492,153.0,1.05
Smith_2024,logPS,Butanol,-0.8860566476931632,74.0,0.88
Smith_2024,logPS,Propanol,-1.1023729087095586,60.0,0.25
Smith_2024,logPS,"1,6-Hexanediol",-1.4213607900319276,118.0,0.83
Smith_2024,logPS,Antipyrine,-1.6252516539898962,188.0,0.38
Smith_2024,logPS,Theophylline,-2.555955204081924,180.0,0.0
Smith_2024,logPS,Barbital,-2.321481620959886,184.0,0.65
Smith_2024,logPS,Caffeine,-1.6020599913279623,194.0,-0.01
Smith_2024,logPS,Ethanol,-1.3716110699496884,46.0,-0.23
Smith_2024,logPS,Iodoacetamide,-2.037630664329979,185.0,-0.19
Smith_2024,logPS,Nicotinamide,-2.6090648928966207,122.0,-0.34
Smith_2024,logPS,Methanol,-1.5559552040819238,32.0,-0.52
Smith_2024,logPS,Water,-1.5421181032660076,18.0,-0.59
Smith_2024,logPS,"1,4-Butanediol",-1.8210230527068305,90.0,-0.52
Smith_2024,logPS,"1,2-Propanediol",-2.665546248849069,76.0,-1.04
Smith_2024,logPS,"1,3 Propanediol",-2.2873502983727887,76.0,-0.92
Smith_2024,logPS,Temozolamide,-2.7878123955960423,194.0,-1.04
Smith_2024,logPS,Thiourea,-3.400116927926312,60.0,-1.02
Smith_2024,logPS,Acetamide,-3.0163737128754655,59.0,-1.26
Smith_2024,logPS,Ethylene glycol,-3.2448877336049287,62.0,-1.36
Smith_2024,logPS,Methylurea,-3.7189666327522723,74.0,-1.4
Smith_2024,logPS,Quinolinic acid,-3.1290111862394245,167.0,-1.44
Smith_2024,logPS,Glycerol,-4.081445469449727,92.0,-1.76
Smith_2024,logPS,Urea,-4.032452023781138,60.0,-1.66
Smith_2024,logPS,Erythritol,-4.489454989793388,122.0,-2.29
Smith_2024,logPS,l-Glucose,-4.903089986991944,180.0,-3.18
Smith_2024,logPS,Mannitol,-5.055517327849832,182.0,-3.1
Smith_2024,logPS,Fructose,-5.241088107602026,180.0,-3.2
Smith_2024,logPS,Sucrose,-5.317854923626168,342.0,-3.57
Smith_2024,logPS,N-acetyl-cysteine,-5.739928612014925,163.0,-3.7
Smith_2024,logPS,Raffinose,-6.022276394711152,542.0,-3.89
Smith_2024,logPS,Inulin,-6.1249387366083,5000.0,-4.36
Luco_2006,logPS,Antipyrine,-2.0,188.2,0.27
Luco_2006,logPS,CP-141938,-3.6,403.6,1.13
Luco_2006,logPS,SR141716A,-1.6,463.8,4.82
Luco_2006,logPS,Caffeine,-2.0,194.2,-0.08
Luco_2006,logPS,Chlorambucil,-1.6,304.2,3.7
Luco_2006,logPS,Colchicine,-3.3,399.4,1.03
Luco_2006,logPS,DPDPE,-3.6,659.8,0.84
Luco_2006,logPS,Daunomycin,-2.7,527.5,2.39
Luco_2006,logPS,Digoxin,-4.3,781.0,1.14
Luco_2006,logPS,Dopamine,-2.1,153.0,0.12
Luco_2006,logPS,Fluoxetine,-1.5,309.3,4.35
Luco_2006,logPS,Glycine,-3.5,75.07,-3.33
Luco_2006,logPS,Hypoxanthine,-3.5,138.1,-0.59
Luco_2006,logPS,Methotrexate,-3.9,454.5,-0.28
Luco_2006,logPS,Morphine,-2.7,285.3,1.27
Luco_2006,logPS,Phenytoin,-2.2,252.3,2.52
Luco_2006,logPS,Propranolol,-1.2,259.4,3.09
Luco_2006,logPS,Taurocholic acid,-4.1,515.7,1.04
Luco_2006,logPS,Testosterone,-1.1,288.4,3.47
Luco_2006,logPS,Theobromine,-3.0,180.2,-0.79
Luco_2006,logPS,Theophylline,-2.9,180.2,0.05
Luco_2006,logPS,Xanthine,-3.8,152.1,-0.81
Tsinman_2011,logP0_PAMPA_BBB,Alfentanil,-4.94,417.0,2.4
Tsinman_2011,logP0_PAMPA_BBB,Amitriptyline,-1.27,277.0,4.8
Tsinman_2011,logP0_PAMPA_BBB,Amoxapine,-2.37,314.0,1.4
Tsinman_2011,logP0_PAMPA_BBB,Antipyrine,-6.14,188.0,0.7
Tsinman_2011,logP0_PAMPA_BBB,Astemizole,-1.39,459.0,5.8
Tsinman_2011,logP0_PAMPA_BBB,Atomoxetine,-1.83,255.0,3.7
Tsinman_2011,logP0_PAMPA_BBB,Bremazocine,-2.87,315.0,3.2
Tsinman_2011,logP0_PAMPA_BBB,Bupropion,-3.13,240.0,3.0
Tsinman_2011,logP0_PAMPA_BBB,Buspirone,-3.85,386.0,2.5
Tsinman_2011,logP0_PAMPA_BBB,Caffeine,-5.92,194.0,0.1
Tsinman_2011,logP0_PAMPA_BBB,Carbamazepine,-4.54,236.0,2.1
Tsinman_2011,logP0_PAMPA_BBB,Cetirizine,-4.75,389.0,2.4
Tsinman_2011,logP0_PAMPA_BBB,Chlorambucil,-2.45,304.0,3.4
Tsinman_2011,logP0_PAMPA_BBB,Chlorpromazine,-1.46,319.0,5.3
Tsinman_2011,logP0_PAMPA_BBB,Cimetidine,-6.4,252.0,0.7
Tsinman_2011,logP0_PAMPA_BBB,Citalopram,-2.09,324.0,3.9
Tsinman_2011,logP0_PAMPA_BBB,Clozapine,-2.58,327.0,3.2
Tsinman_2011,logP0_PAMPA_BBB,Codeine,-3.68,299.0,1.1
Tsinman_2011,logP0_PAMPA_BBB,Colchicine,-6.35,399.0,1.1
Tsinman_2011,logP0_PAMPA_BBB,Corticosterone,-4.65,346.0,2.3
Tsinman_2011,logP0_PAMPA_BBB,CyclosporinA,-4.1,1203.0,3.5
Tsinman_2011,logP0_PAMPA_BBB,Daunomycin,-2.71,528.0,1.1
Tsinman_2011,logP0_PAMPA_BBB,DeltorphinII,-6.51,783.0,-0.9
Tsinman_2011,logP0_PAMPA_BBB,Diazepam,-3.83,285.0,2.9
Tsinman_2011,logP0_PAMPA_BBB,Digoxin,-6.12,781.0,1.3
Tsinman_2011,logP0_PAMPA_BBB,Diltiazem,-3.18,415.0,3.2
Tsinman_2011,logP0_PAMPA_BBB,Diphenhydramine,-2.64,255.0,3.9
Tsinman_2011,logP0_PAMPA_BBB,Dipyridamole,-3.44,505.0,1.8
Tsinman_2011,logP0_PAMPA_BBB,Domperidone,-3.36,426.0,4.1
Tsinman_2011,logP0_PAMPA_BBB,Doxepin,-1.6,279.0,4.2
Tsinman_2011,logP0_PAMPA_BBB,Doxorubicin,-4.23,544.0,0.5
Tsinman_2011,logP0_PAMPA_BBB,DPDPE,-6.22,646.0,-0.3
Tsinman_2011,logP0_PAMPA_BBB,Ergotamine,-2.5,582.0,1.4
Tsinman_2011,logP0_PAMPA_BBB,Ethosuximide,-5.83,141.0,0.7
Tsinman_2011,logP0_PAMPA_BBB,Etoposide,-6.17,589.0,0.5
Tsinman_2011,logP0_PAMPA_BBB,Fentanyl,-3.22,336.0,4.2
Tsinman_2011,logP0_PAMPA_BBB,Fexofenadine,-5.17,502.0,4.6
Tsinman_2011,logP0_PAMPA_BBB,Fluoxetine,-1.39,309.0,4.6
Tsinman_2011,logP0_PAMPA_BBB,Fluphenazine,-2.36,438.0,4.4
Tsinman_2011,logP0_PAMPA_BBB,Flurbiprofen,-2.35,244.0,4.0
Tsinman_2011,logP0_PAMPA_BBB,Fluvastatin Acid,-3.56,411.0,4.0
Tsinman_2011,logP0_PAMPA_BBB,Galanthamine,-3.41,287.0,1.2
Tsinman_2011,logP0_PAMPA_BBB,Glibenclamide,-3.17,494.0,4.4
Tsinman_2011,logP0_PAMPA_BBB,Haloperidol,-2.06,376.0,3.6
Tsinman_2011,logP0_PAMPA_BBB,Hydrocortisone,-5.17,362.0,1.8
Tsinman_2011,logP0_PAMPA_BBB,Hydroxyzine,-3.72,375.0,3.3
Tsinman_2011,logP0_PAMPA_BBB,Ibuprofen,-2.64,206.0,3.6
Tsinman_2011,logP0_PAMPA_BBB,Imatinib,-3.81,494.0,3.6
Tsinman_2011,logP0_PAMPA_BBB,Indinavir,-5.17,614.0,3.4
Tsinman_2011,logP0_PAMPA_BBB,Indomethacin,-2.67,358.0,4.3
Tsinman_2011,logP0_PAMPA_BBB,Lamotrigine,-3.44,256.0,2.1
Tsinman_2011,logP0_PAMPA_BBB,LDOPA,-7.81,197.0,-2.7
Tsinman_2011,logP0_PAMPA_BBB,Lidocaine,-3.65,234.0,2.3
Tsinman_2011,logP0_PAMPA_BBB,Loperamide,-2.67,477.0,5.6
Tsinman_2011,logP0_PAMPA_BBB,Lovastatin Acid,-3.65,423.0,3.9
Tsinman_2011,logP0_PAMPA_BBB,Loxapine,-2.55,328.0,2.1
Tsinman_2011,logP0_PAMPA_BBB,Maprotiline,-0.56,277.0,5.0
Tsinman_2011,logP0_PAMPA_BBB,Melphalan,-7.51,305.0,-0.1
Tsinman_2011,logP0_PAMPA_BBB,Meperidine,-1.68,247.0,2.4
Tsinman_2011,logP0_PAMPA_BBB,Mesoridazine,-4.33,387.0,4.6
Tsinman_2011,logP0_PAMPA_BBB,Methadone,-2.18,309.0,4.2
Tsinman_2011,logP0_PAMPA_BBB,Methotrexate,-7.04,454.0,-0.1
Tsinman_2011,logP0_PAMPA_BBB,Metoclopramide,-1.11,300.0,2.4
Tsinman_2011,logP0_PAMPA_BBB,Mirtazapine,-2.61,265.0,3.0
Tsinman_2011,logP0_PAMPA_BBB,Morphine,-4.47,285.0,0.9
Tsinman_2011,logP0_PAMPA_BBB,Naproxen,-2.63,230.0,3.3
Tsinman_2011,logP0_PAMPA_BBB,Naringenin,-3.94,272.0,2.6
Tsinman_2011,logP0_PAMPA_BBB,Oxycodone,-3.32,315.0,0.5
Tsinman_2011,logP0_PAMPA_BBB,Paclitaxel,-3.4,854.0,3.3
Tsinman_2011,logP0_PAMPA_BBB,Pergolide,-1.45,314.0,4.7
Tsinman_2011,logP0_PAMPA_BBB,Perphenazine,-1.66,404.0,4.2
Tsinman_2011,logP0_PAMPA_BBB,p-F-Phenylalanine,-6.13,183.0,-1.3
Tsinman_2011,logP0_PAMPA_BBB,Phenelzine,-2.2,136.0,0.8
Tsinman_2011,logP0_PAMPA_BBB,Phenytoin,-4.34,252.0,2.5
Tsinman_2011,logP0_PAMPA_BBB,Prazosin,-4.47,383.0,1.4
Tsinman_2011,logP0_PAMPA_BBB,Probenecid,-2.97,285.0,2.9
Tsinman_2011,logP0_PAMPA_BBB,Progesterone,-3.58,314.0,3.6
Tsinman_2011,logP0_PAMPA_BBB,Propranolol,-1.93,259.0,2.9
Tsinman_2011,logP0_PAMPA_BBB,Pyrilamine,-2.63,285.0,3.2
Tsinman_2011,logP0_PAMPA_BBB,Quercetin,-4.4,302.0,1.8
Tsinman_2011,logP0_PAMPA_BBB,Quetiapine,-2.98,384.0,2.8
Tsinman_2011,logP0_PAMPA_BBB,Quinidine,-2.85,324.0,2.9
Tsinman_2011,logP0_PAMPA_BBB,Quinine,-2.99,324.0,2.9
Tsinman_2011,logP0_PAMPA_BBB,Risperidone,-4.0,410.0,2.8
Tsinman_2011,logP0_PAMPA_BBB,Ritonavir,-4.24,693.0,4.3
Tsinman_2011,logP0_PAMPA_BBB,S-145,-3.6,377.0,4.1
Tsinman_2011,logP0_PAMPA_BBB,Salicylic Acid,-3.34,138.0,2.4
Tsinman_2011,logP0_PAMPA_BBB,Saquinavir,-3.82,671.0,4.1
Tsinman_2011,logP0_PAMPA_BBB,Sertraline,-1.73,306.0,5.0
Tsinman_2011,logP0_PAMPA_BBB,SNC121,-2.91,452.0,4.7
Tsinman_2011,logP0_PAMPA_BBB,Sumatriptan,-4.86,295.0,1.3
Tsinman_2011,logP0_PAMPA_BBB,Terfenadine,-0.54,472.0,5.6
Tsinman_2011,logP0_PAMPA_BBB,Testosterone,-3.99,288.0,3.0
Tsinman_2011,logP0_PAMPA_BBB,Theobromine,-8.0,180.0,-0.4
Tsinman_2011,logP0_PAMPA_BBB,Theophylline,-6.41,180.0,0.0
Tsinman_2011,logP0_PAMPA_BBB,Thioridazine,-1.27,371.0,6.1
Tsinman_2011,logP0_PAMPA_BBB,Tolbutamide,-3.86,270.0,2.2
Tsinman_2011,logP0_PAMPA_BBB,Trazodone,-2.94,372.0,3.5
Tsinman_2011,logP0_PAMPA_BBB,Trifluoperazine,-1.96,408.0,5.0
Tsinman_2011,logP0_PAMPA_BBB,U69593,-2.23,357.0,3.8
Tsinman_2011,logP0_PAMPA_BBB,Valproic Acid,-3.77,144.0,2.6
Tsinman_2011,logP0_PAMPA_BBB,Venlafaxine,-2.17,277.0,3.6
Tsinman_2011,logP0_PAMPA_BBB,Verapamil,-2.03,455.0,4.2
Tsinman_2011,logP0_PAMPA_BBB,Vinblastine,-4.36,811.0,4.1
Tsinman_2011,logP0_PAMPA_BBB,Vincristine,-4.54,825.0,3.1
Tsinman_2011,logP0_PAMPA_BBB,Warfarin,-3.21,308.0,3.1
Tsinman_2011,logP0_PAMPA_BBB,Zidovudine,-6.24,267.0,-0.1
Grumetto_2016,logP0_PAMPA_BBB,Amitriptyline,-1.27,,4.92
Grumetto_2016,logP0_PAMPA_BBB,Antipyrine,-6.14,,0.56
Grumetto_2016,logP0_PAMPA_BBB,Buspirone,-3.85,,2.63
Grumetto_2016,logP0_PAMPA_BBB,Caffeine,-5.92,,0.07
Grumetto_2016,logP0_PAMPA_BBB,Carbamazepine,-4.54,,2.19
Grumetto_2016,logP0_PAMPA_BBB,Chlorpromazine,-1.46,,5.19
Grumetto_2016,logP0_PAMPA_BBB,Cimetidine,-6.4,,0.4
Grumetto_2016,logP0_PAMPA_BBB,Codeine,-3.68,,1.39
Grumetto_2016,logP0_PAMPA_BBB,Diazepam,-3.83,,2.99
Grumetto_2016,logP0_PAMPA_BBB,Diltiazem,-3.18,,3.41
Grumetto_2016,logP0_PAMPA_BBB,Diphenhydramine,-2.64,,3.18
Grumetto_2016,logP0_PAMPA_BBB,Domperidone,-3.36,,3.9
Grumetto_2016,logP0_PAMPA_BBB,Doxorubicin,-4.23,,1.97
Grumetto_2016,logP0_PAMPA_BBB,Flurbiprofen,-2.35,,4.16
Grumetto_2016,logP0_PAMPA_BBB,Fluoxetine,-1.39,,4.5
Grumetto_2016,logP0_PAMPA_BBB,Fluphenazine,-2.36,,4.36
Grumetto_2016,logP0_PAMPA_BBB,Fluvastatin,-3.56,,4.3
Grumetto_2016,logP0_PAMPA_BBB,Haloperidol,-2.06,,4.3
Grumetto_2016,logP0_PAMPA_BBB,Hydrocortisone,-5.17,,1.61
Grumetto_2016,logP0_PAMPA_BBB,Hydroxyzine,-3.72,,3.55
Grumetto_2016,logP0_PAMPA_BBB,Ibuprofen,-2.64,,4.13
Grumetto_2016,logP0_PAMPA_BBB,Indomethacin,-2.67,,4.27
Grumetto_2016,logP0_PAMPA_BBB,Lidocaine,-3.65,,2.48
Grumetto_2016,logP0_PAMPA_BBB,Methadone,-2.18,,3.93
Grumetto_2016,logP0_PAMPA_BBB,Metoclopramide,-1.11,,2.72
Grumetto_2016,logP0_PAMPA_BBB,Morphine,-4.47,,0.89
Grumetto_2016,logP0_PAMPA_BBB,Naproxen,-2.63,,3.24
Grumetto_2016,logP0_PAMPA_BBB,Phenytoin,-4.34,,2.47
Grumetto_2016,logP0_PAMPA_BBB,Progesterone,-3.58,,3.87
Grumetto_2016,logP0_PAMPA_BBB,Propranolol,-1.93,,3.28
Grumetto_2016,logP0_PAMPA_BBB,Pyrilamine,-2.63,,3.27
Grumetto_2016,logP0_PAMPA_BBB,Quinine,-2.99,,3.44
Grumetto_2016,logP0_PAMPA_BBB,Risperidone,-4.0,,3.04
Grumetto_2016,logP0_PAMPA_BBB,Theobromine,-8.0,,0.78
Grumetto_2016,logP0_PAMPA_BBB,Theophylline,-6.41,,0.02
Grumetto_2016,logP0_PAMPA_BBB,Verapamil,-2.03,,3.79
