Compound,MW_g_per_mol,logP,log10_P0_cm_per_s
Alfentanil,417.0,2.4,-4.94
Amitriptyline,277.0,4.8,-1.27
Amoxapine,314.0,1.4,-2.37
Antipyrine,188.0,0.7,-6.14
Astemizole,459.0,5.8,-1.39
Atomoxetine,255.0,3.7,-1.83
Bremazocine,315.0,3.2,-2.87
Bupropion,240.0,3.0,-3.13
Buspirone,386.0,2.5,-3.85
Caffeine,194.0,0.1,-5.92
Carbamazepine,236.0,2.1,-4.54
Cetirizine,389.0,2.4,-4.75
Chlorambucil,304.0,3.4,-2.45
Chlorpromazine,319.0,5.3,-1.46
Cimetidine,252.0,0.7,-6.4
Citalopram,324.0,3.9,-2.09
Clozapine,327.0,3.2,-2.58
Codeine,299.0,1.1,-3.68
Colchicine,399.0,1.1,-6.35
Corticosterone,346.0,2.3,-4.65
CyclosporinA,1203.0,3.5,-4.1
Daunomycin,528.0,1.1,-2.71
DeltorphinII,783.0,-0.9,-6.51
Diazepam,285.0,2.9,-3.83
Digoxin,781.0,1.3,-6.12
Diltiazem,415.0,3.2,-3.18
Diphenhydramine,255.0,3.9,-2.64
Dipyridamole,505.0,1.8,-3.44
Domperidone,426.0,4.1,-3.36
Doxepin,279.0,4.2,-1.6
Doxorubicin,544.0,0.5,-4.23
DPDPE,646.0,-0.3,-6.22
Ergotamine,582.0,1.4,-2.5
Ethosuximide,141.0,0.7,-5.83
Etoposide,589.0,0.5,-6.17
Fentanyl,336.0,4.2,-3.22
Fexofenadine,502.0,4.6,-5.17
Fluoxetine,309.0,4.6,-1.39
Fluphenazine,438.0,4.4,-2.36
Flurbiprofen,244.0,4.0,-2.35
Fluvastatin Acid,411.0,4.0,-3.56
Galanthamine,287.0,1.2,-3.41
Glibenclamide,494.0,4.4,-3.17
Haloperidol,376.0,3.6,-2.06
Hydrocortisone,362.0,1.8,-5.17
Hydroxyzine,375.0,3.3,-3.72
Ibuprofen,206.0,3.6,-2.64
Imatinib,494.0,3.6,-3.81
Indinavir,614.0,3.4,-5.17
Indomethacin,358.0,4.3,-2.67
Lamotrigine,256.0,2.1,-3.44
LDOPA,197.0,-2.7,-7.81
Lidocaine,234.0,2.3,-3.65
Loperamide,477.0,5.6,-2.67
Lovastatin Acid,423.0,3.9,-3.65
Loxapine,328.0,2.1,-2.55
Maprotiline,277.0,5.0,-0.56
Melphalan,305.0,-0.1,-7.51
Meperidine,247.0,2.4,-1.68
Mesoridazine,387.0,4.6,-4.33
Methadone,309.0,4.2,-2.18
Methotrexate,454.0,-0.1,-7.04
Metoclopramide,300.0,2.4,-1.11
Mirtazapine,265.0,3.0,-2.61
Morphine,285.0,0.9,-4.47
Naproxen,230.0,3.3,-2.63
Naringenin,272.0,2.6,-3.94
Oxycodone,315.0,0.5,-3.32
Paclitaxel,854.0,3.3,-3.4
Pergolide,314.0,4.7,-1.45
Perphenazine,404.0,4.2,-1.66
p-F-Phenylalanine,183.0,-1.3,-6.13
Phenelzine,136.0,0.8,-2.2
Phenytoin,252.0,2.5,-4.34
Prazosin,383.0,1.4,-4.47
Probenecid,285.0,2.9,-2.97
Progesterone,314.0,3.6,-3.58
Propranolol,259.0,2.9,-1.93
Pyrilamine,285.0,3.2,-2.63
Quercetin,302.0,1.8,-4.4
Quetiapine,384.0,2.8,-2.98
Quinidine,324.0,2.9,-2.85
Quinine,324.0,2.9,-2.99
Risperidone,410.0,2.8,-4.0
Ritonavir,693.0,4.3,-4.24
S-145,377.0,4.1,-3.6
Salicylic Acid,138.0,2.4,-3.34
Saquinavir,671.0,4.1,-3.82
Sertraline,306.0,5.0,-1.73
SNC121,452.0,4.7,-2.91
Sumatriptan,295.0,1.3,-4.86
Terfenadine,472.0,5.6,-0.54
Testosterone,288.0,3.0,-3.99
Theobromine,180.0,-0.4,-8.0
Theophylline,180.0,0.0,-6.41
Thioridazine,371.0,6.1,-1.27
Tolbutamide,270.0,2.2,-3.86
Trazodone,372.0,3.5,-2.94
Trifluoperazine,408.0,5.0,-1.96
U69593,357.0,3.8,-2.23
Valproic Acid,144.0,2.6,-3.77
Venlafaxine,277.0,3.6,-2.17
Verapamil,455.0,4.2,-2.03
Vinblastine,811.0,4.1,-4.36
Vincristine,825.0,3.1,-4.54
Warfarin,308.0,3.1,-3.21
Zidovudine,267.0,-0.1,-6.24
