Compound,MW_g_per_mol,logP,log10_P0_cm_per_s,Descriptor_logP_minus_half_log10_MW,Predicted_log10_P0_cm_per_s,Residual_log10_P0,Predicted_P0_cm_per_s,LOO_Predicted_log10_P0_cm_per_s,LOO_Residual_log10_P0
Alfentanil,417,2.4,-4.94,1.08993197251312,-3.88384316828238,-1.05615683171762,0.00013066426556174,-3.87330823727303,-1.06669176272697
Amitriptyline,277,4.8,-1.27,3.57876011546778,-2.04115924973685,0.77115924973685,0.00909579681275536,-2.06018114812926,0.790181148129257
Amoxapine,314,1.4,-2.37,0.151535175963392,-4.57861540119518,2.20861540119518,2.63866707975802e-05,-4.61304098264456,2.24304098264456
Antipyrine,188,0.7,-6.14,-0.43707892463184,-5.01441477145959,-1.12558522854041,9.67353547255625e-06,-4.98932449470592,-1.15067550529408
Astemizole,459,5.8,-1.39,4.46909365723137,-1.38197219248918,-0.00802780751081689,0.041498061264372,-1.38164399219365,-0.00835600780635004
Atomoxetine,255,3.7,-1.83,2.49672990978302,-2.84227509417149,1.01227509417149,0.00143788749191051,-2.85537700594654,1.02537700594654
Bremazocine,315,3.2,-2.87,1.9508447231052,-3.2464387395043,0.376438739504298,0.000566971541473465,-3.25026807995325,0.380268079953247
Bupropion,240,3,-3.13,1.8098943791442,-3.35079585747792,0.220795857477925,0.000445865780822809,-3.35295784196385,0.222957841963848
Buspirone,386,2.5,-3.85,1.20670634766412,-3.79738550594917,-0.0526144940508284,0.000159446317729411,-3.79687496921846,-0.0531250307815356
Caffeine,194,0.1,-5.92,-1.04390086496511,-5.46369490116161,-0.45630509883839,3.43799387665695e-06,-5.44914396950913,-0.470856030490871
Carbamazepine,236,2.1,-4.54,0.913543998514947,-4.01443767478993,-0.525562325210074,9.67302533405406e-05,-4.00888628820193,-0.531113711798074
Cetirizine,389,2.4,-4.75,1.10502519933715,-3.87266841263429,-0.877331587365706,0.000134069993204014,-3.86395263250929,-0.886047367490712
Chlorambucil,304,3.4,-2.45,2.15856320819562,-3.09264768199626,0.64264768199626,0.00080789015905543,-3.09970606313351,0.649706063133506
Chlorpromazine,319,5.3,-1.46,4.04810465847141,-1.69366493033271,0.233664930332711,0.0202458059368385,-1.70124555927782,0.241245559277816
Cimetidine,252,0.7,-6.4,-0.500700270390772,-5.06151887988831,-1.33848112011169,8.67922845653463e-06,-5.03051033268675,-1.36948966731325
Citalopram,324,3.9,-2.09,2.64472749489669,-2.73270032467825,0.64270032467825,0.00185054510632797,-2.74173158791455,0.651731587914547
Clozapine,327,3.2,-2.58,1.94272612366986,-3.25244960556709,0.672449605567094,0.000559178409454022,-3.25927288651746,0.679272886517459
Codeine,299,1.1,-3.68,-0.137835594162215,-4.79286035262624,1.11286035262624,1.61116362149436e-05,-4.8135252977871,1.1335252977871
Colchicine,399,1.1,-6.35,-0.200486447843374,-4.83924592604891,-1.51075407395109,1.44795169603876e-05,-4.81009695364704,-1.53990304635296
Corticosterone,346,2.3,-4.65,1.03046195060361,-3.92787371065567,-0.722126289344332,0.000118066391331354,-3.92054480608335,-0.72945519391665
CyclosporinA,1203,3.5,-4.1,1.95986718633008,-3.23975866883039,-0.860241331169611,0.000575759789857794,-3.23098285076425,-0.869017149235749
Daunomycin,528,1.1,-2.71,-0.261316961266906,-4.88428375204735,2.17428375204735,1.30531776282648e-05,-4.92782518897711,2.21782518897711
DeltorphinII,783,-0.9,-6.51,-2.34688088102897,-6.4283980401002,-0.081601959899797,3.72908222832029e-07,-6.42329876054107,-0.0867012394589315
Diazepam,285,2.9,-3.83,1.67257756999574,-3.45246277115379,-0.377537228846209,0.000352807028853616,-3.44885647493952,-0.381143525060477
Digoxin,781,1.3,-6.12,-0.14632551693865,-4.79914613986074,-1.32085386013926,1.58801229339402e-05,-4.77449133213062,-1.34550866786938
Diltiazem,415,3.2,-3.18,1.89097595164395,-3.29076450892595,0.110764508925945,0.000511959364233072,-3.29187150208967,0.111871502089666
Diphenhydramine,255,3.9,-2.64,2.69672990978302,-2.69419866520938,0.0541986652093835,0.00202209397323499,-2.69498337201759,0.0549833720175945
Dipyridamole,505,1.8,-3.44,0.448354310940669,-4.3588558134199,0.918855813419901,4.37667387430966e-05,-4.3709357796336,0.930935779633597
Domperidone,426,4.1,-3.36,2.78529520044864,-2.62862650535061,-0.731373494649393,0.00235165438177112,-2.61747426286808,-0.74252573713192
Doxepin,279,4.2,-1.6,2.9771978983632,-2.4865451742737,0.886545174273701,0.0032617812036138,-2.50171236099643,0.901712360996432
Doxorubicin,544,0.5,-4.23,-0.86779944984909,-5.33331255773384,1.10331255773384,4.6418108813274e-06,-5.365103984309,1.135103984309
DPDPE,646,-0.3,-6.22,-1.70511625899754,-5.95324697277707,-0.266753027222934,1.11366104136051e-06,-5.94107499129588,-0.278925008704118
Ergotamine,582,1.4,-2.5,0.0175385076750556,-4.67782414185996,2.17782414185996,2.09978997595064e-05,-4.71461475287476,2.21461475287476
Ethosuximide,141,0.7,-5.83,-0.37460955632769,-4.9681635665696,-0.861836433430399,1.07605986523878e-05,-4.94966876359197,-0.880331236408034
Etoposide,589,0.5,-6.17,-0.885057647393551,-5.34609021904737,-0.823909780952627,4.50723062943318e-06,-5.32211015401343,-0.847889845986566
Fentanyl,336,4.2,-3.22,2.93683036130508,-2.51643257794151,-0.703567422058488,0.00304486065280601,-2.50468643420941,-0.715313565790592
Fexofenadine,502,4.6,-5.17,3.24964814142749,-2.28482787895962,-2.88517212104038,0.00519005692244014,-2.22653764189635,-2.94346235810365
Fluoxetine,309,4.6,-1.39,3.35502076028758,-2.20681187340368,0.816811873403682,0.00621138038983023,-2.22441036555676,0.834410365556763
Fluphenazine,438,4.4,-2.36,3.07926294474795,-2.41097803632118,0.050978036321176,0.00388169996508434,-2.41190608252589,0.051906082525889
Flurbiprofen,244,4,-2.35,2.80630508683064,-2.61307116060888,0.26307116060888,0.00243741140760519,-2.61713276405878,0.267132764058784
Fluvastatin Acid,411,4,-3.56,2.69307908906197,-2.69690166768516,-0.863098332314841,0.00200954775993686,-2.68443180270423,-0.875568197295771
Galanthamine,287,1.2,-3.41,-0.0289409483669962,-4.712236701214,1.302236701214,1.9398283350947e-05,-4.73486491844063,1.32486491844063
Glibenclamide,494,4.4,-3.17,3.05313652553818,-2.43032157061193,-0.739678429388073,0.00371260230001675,-2.41706877657491,-0.752931223425089
Haloperidol,376,3.6,-2.06,2.31240607753617,-2.9787451684301,0.918745168430103,0.00105015845081974,-2.98956448278678,0.929564482786779
Hydrocortisone,362,1.8,-5.17,0.520645714733417,-4.30533254882846,-0.864667451171536,4.95070958917742e-05,-4.29439771620303,-0.875602283796965
Hydroxyzine,375,3.3,-3.72,2.01298436613614,-3.20043165731929,-0.51956834268071,0.000630330530048237,-3.19503653163297,-0.524963468367035
Ibuprofen,206,3.6,-2.64,2.44306638981542,-2.88200660618318,0.242006606183178,0.00131217993890612,-2.88505077037074,0.245050770370737
Imatinib,494,3.6,-3.81,2.25313652553818,-3.02262728646034,-0.787372713539665,0.000949232749789376,-3.0136108732634,-0.796389126736603
Indinavir,614,3.4,-5.17,2.00591581442942,-3.20566508679262,-1.96433491320738,0.000622780367177377,-3.18531755918753,-1.98468244081247
Indomethacin,358,4.3,-2.67,3.02305848667806,-2.45259081353487,-0.217409186465128,0.00352703026626452,-2.44876622413355,-0.221233775866447
Lamotrigine,256,2.1,-3.44,0.895880017344075,-4.02751577105511,0.587515771055108,9.38607951259769e-05,-4.03376309550989,0.593763095509894
LDOPA,197,-2.7,-7.81,-3.8472331130808,-7.53923204363797,-0.270767956362031,2.88913580400087e-08,-7.50742901131306,-0.302570988686942
Lidocaine,234,2.3,-3.65,1.11539207129493,-3.86499296573922,0.214992965739215,0.000136460523889918,-3.86712303142126,0.217123031421261
Loperamide,477,5.6,-2.67,4.26074081047994,-1.53623292004438,-1.13376707995562,0.0290915646597745,-1.4948185048515,-1.1751814951485
Lovastatin Acid,423,3.9,-3.65,2.58682981631248,-2.77556673212798,-0.874433267872019,0.00167661469337171,-2.76367454971273,-0.886325450287267
Loxapine,328,2.1,-2.55,0.84206307814416,-4.06736087192708,1.51736087192708,8.56325995435869e-05,-4.08384268586457,1.53384268586457
Maprotiline,277,5,-0.56,3.77876011546778,-1.89308282077475,1.33308282077475,0.0127913734699817,-1.93010803829015,1.37010803829015
Melphalan,305,-0.1,-7.51,-1.34214991967339,-5.68451317597423,-1.82548682402577,2.06769664952888e-06,-5.61578457067793,-1.89421542932207
Meperidine,247,2.4,-1.68,1.20365152337017,-3.79964724331195,2.11964724331195,0.000158618104854947,-3.82022743785668,2.14022743785668
Mesoridazine,387,4.6,-4.33,3.30614451749054,-2.24299897087603,-2.08700102912397,0.00571479990875254,-2.19935401820195,-2.13064598179805
Methadone,309,4.2,-2.18,2.95502076028758,-2.50296473132789,0.322964731327886,0.00314076374217537,-2.5084163161075,0.328416316107504
Methotrexate,454,-0.1,-7.04,-1.42852792642855,-5.74846590988007,-1.29153409011993,1.78457206374413e-06,-5.6975139305693,-1.3424860694307
Metoclopramide,300,2.4,-1.11,1.16143937264017,-3.83090036600649,2.72090036600649,0.000147604512243172,-3.85755822517875,2.74755822517875
Mirtazapine,265,3,-2.61,1.7883770630316,-3.36672689413194,0.756726894131938,0.000429806625480611,-3.37410170787168,0.764101707871683
Morphine,285,0.9,-4.47,-0.327422430004255,-4.93322706077481,0.463227060774812,1.16619973721948e-05,-4.94288581339958,0.472885813399582
Naproxen,230,3.3,-2.63,2.1191360819912,-3.1218388222592,0.491838822259203,0.000755372513625657,-3.12715386808879,0.497153868088788
Naringenin,272,2.6,-3.94,1.3827155479829,-3.66707143671077,-0.272928563289228,0.000215242765470484,-3.66448647143254,-0.275513528567455
Oxycodone,315,0.5,-3.32,-0.7491552768948,-5.24547053049268,1.92547053049268,5.68236948565533e-06,-5.29722301081917,1.97722301081917
Paclitaxel,854,3.3,-3.4,1.8342710646555,-3.3327477947757,-0.0672522052243036,0.000464785108728538,-3.33208550462121,-0.0679144953787856
Pergolide,314,4.7,-1.45,3.45153517596339,-2.13535432332049,0.685354323320493,0.00732226895038996,-2.15101206374176,0.701012063741765
Perphenazine,404,4.2,-1.66,2.8968093174447,-2.54606344423242,0.886063444232416,0.00284404560258174,-2.56050371754307,0.900503717543073
p-F-Phenylalanine,183,-1.3,-6.13,-2.43122554486521,-6.4908453232146,0.360845323214602,3.22964417553848e-07,-6.5142929401602,0.384292940160203
Phenelzine,136,0.8,-2.2,-0.266769454185109,-4.88832068044869,2.68832068044869,1.29324056770656e-05,-4.94233580377591,2.74233580377591
Phenytoin,252,2.5,-4.34,1.29929972960923,-3.7288310192294,-0.611168980770604,0.000186710602666429,-3.72299146995586,-0.617008530044138
Prazosin,383,1.4,-4.47,0.108400613015688,-4.61055146142586,0.140551461425863,2.45159393666057e-05,-4.6127993696268,0.142799369626798
Probenecid,285,2.9,-2.97,1.67257756999574,-3.45246277115379,0.482462771153791,0.000352807028853616,-3.4570713329914,0.4870713329914
Progesterone,314,3.6,-3.58,2.35153517596339,-2.94977468261205,-0.630225317387946,0.00112260072248585,-2.94220940624386,-0.637790593756142
Propranolol,259,2.9,-1.93,1.69335011795937,-3.4370831475393,1.5070831475393,0.00036552480362384,-3.45152114987761,1.52152114987761
Pyrilamine,285,3.2,-2.63,1.97257756999575,-3.23034812771064,0.600348127710638,0.000588371831135651,-3.23649774905185,0.606497749051854
Quercetin,302,1.8,-4.4,0.559996528521425,-4.27619790891606,-0.123802091083941,5.29422130125222e-05,-4.27466409637134,-0.125335903628656
Quetiapine,384,2.8,-2.98,1.50783438781623,-3.57443568171877,0.594435681718766,0.000266418462880742,-3.58004445562037,0.600044455620369
Quinidine,324,2.9,-2.85,1.64472749489669,-3.47308246948876,0.62308246948876,0.000336447674245661,-3.47901381155932,0.629013811559319
Quinine,324,2.9,-2.99,1.64472749489669,-3.47308246948876,0.48308246948876,0.000336447674245661,-3.47768110211789,0.487681102117888
Risperidone,410,2.8,-4,1.49360807164013,-3.58496859220198,-0.415031407798019,0.000260034761123595,-3.5810531382506,-0.418946861749398
Ritonavir,693,4.3,-4.24,2.8796333826941,-2.55878019964219,-1.68121980035781,0.00276197536320963,-2.53166245442261,-1.70833754557739
S-145,377,4.1,-3.6,2.8118293248971,-2.60898111338079,-0.991018886619215,0.00246047460305832,-2.59363035224794,-1.00636964775206
Salicylic Acid,138,2.4,-3.34,1.33006045679938,-3.70605632605642,0.366056326056419,0.000196763108018619,-3.70954058567909,0.369540585679091
Saquinavir,671,4.1,-3.82,2.6866387399155,-2.70166998719954,-1.11833001280046,0.00198760468978952,-2.68557260152942,-1.13442739847058
Sertraline,306,5,-1.73,3.75713928675921,-1.90909049630658,0.179090496306577,0.0123284791122776,-1.91400180011382,0.184001800113817
SNC121,452,4.7,-2.91,3.37243078259431,-2.19392180374703,-0.716078196252971,0.00639850032366241,-2.1783292600427,-0.731670739957297
Sumatriptan,295,1.3,-4.86,0.0650889920109186,-4.64261861228059,-0.217381387719406,2.2770962480795e-05,-4.63905028805176,-0.220949711948241
Terfenadine,472,5.6,-0.54,4.26302900068296,-1.53453878487414,0.994538784874138,0.029205269295216,-1.57091311944826,1.03091311944826
Testosterone,288,3,-3.99,1.77030375612038,-3.38010804786668,-0.609891952133321,0.000416765683683804,-3.37418635911818,-0.615813640881817
Theobromine,180,-0.4,-8,-1.52763625255165,-5.82184394494368,-2.17815605505632,1.50714853265047e-06,-5.73124935983051,-2.26875064016949
Theophylline,180,0,-6.41,-1.12763625255165,-5.52569108701947,-0.884308912980528,2.98063579713339e-06,-5.49612424932203,-0.913875750677967
Thioridazine,371,6.1,-1.27,4.81531304519248,-1.12563753945556,-0.144362460544444,0.0748794180609552,-1.11857659287929,-0.151423407120709
Tolbutamide,270,2.2,-3.86,0.984318117920506,-3.96203778046736,0.102037780467363,0.000109134539319205,-3.96308887923728,0.103088879237283
Trazodone,372,3.5,-2.94,2.21472853005905,-3.05106388053104,0.111063880531043,0.00088907033456545,-3.05231376360567,0.112313763605667
Trifluoperazine,408,5,-1.96,3.69466991845506,-1.95534170119656,-0.00465829880343871,0.0110830246409034,-1.95521857899313,-0.00478142100686929
U69593,357,3.8,-2.23,2.5236658919439,-2.82233217392664,0.592332173926635,0.00150545516519377,-2.83011152975849,0.600111529758493
Valproic Acid,144,2.6,-3.77,1.52081875395238,-3.56482228886988,-0.205177711130116,0.000272381565181351,-3.56288584239632,-0.20711415760368
Venlafaxine,277,3.6,-2.17,2.37876011546778,-2.92961782350946,0.759617823509463,0.00117593191265674,-2.93886156323002,0.768861563230025
Verapamil,455,4.2,-2.03,2.87099430167144,-2.56517642097893,0.535176420978935,0.00272159550521807,-2.57376410174973,0.543764101749734
Vinblastine,811,4.1,-4.36,2.64548957289442,-2.73213609573578,-1.62786390426422,0.00185295086948066,-2.70925131011272,-1.65074868988728
Vincristine,825,3.1,-4.54,1.64177302572504,-3.47526990571085,-1.06473009428915,0.000334757329221386,-3.4651377370711,-1.0748622629289
Warfarin,308,3.1,-3.21,1.85572464174978,-3.31686394935278,0.106863949352776,0.000482098800191335,-3.31792196562478,0.107921965624782
Zidovudine,267,-0.1,-6.24,-1.31325563068229,-5.66312036031822,-0.576879639681776,2.17209912016273e-06,-5.64174098695235,-0.598259013047645
