sim,time,p5,p50,p95
plasma,0,0,0,0
plasma,0.1,0,0,0
plasma,0.2,0,0,439.251373609244
plasma,0.3,0,125.7169383545,1096.62183025022
plasma,0.4,0,401.282782690568,1594.21496055712
plasma,0.5,0,628.100589500255,1941.6813074631
plasma,0.6,77.9676549805533,827.884511977694,2075.90161342371
plasma,0.7,194.309369399563,964.634742828963,2198.20084127248
plasma,0.8,274.489089905484,1063.93810765804,2268.58220497402
plasma,0.9,322.194230729051,1141.42874217954,2305.47554270348
plasma,1,387.707702428643,1193.91600648881,2344.35393863277
plasma,1.1,426.782834187812,1226.53217287731,2386.22339980465
plasma,1.2,471.968228097718,1243.2235723126,2369.26225956617
plasma,1.3,499.680325391792,1241.47390679177,2321.81133026902
plasma,1.4,528.14963291598,1239.58127469146,2272.68434506909
plasma,1.5,544.114950400159,1231.86123589326,2216.43284853563
plasma,1.6,564.468639232545,1226.18809480695,2167.1212908531
plasma,1.7,585.920604475332,1214.48774494417,2095.23231993842
plasma,1.8,593.107441848379,1196.79484833497,2044.5006798179
plasma,1.9,603.096997339296,1175.25166329247,1998.30953712334
plasma,2,606.614647941497,1159.11136206397,1956.20043773033
plasma,2.1,584.744736988316,1133.2497042379,1904.55317649399
plasma,2.2,581.419547916884,1106.17976731907,1864.58412767299
plasma,2.3,579.868593293387,1079.72353119715,1836.54693939693
plasma,2.4,579.803117481396,1050.09044858489,1806.88271731034
plasma,2.5,564.782501823518,1029.15922684088,1758.51188312982
plasma,2.6,544.148399689985,1005.95558654494,1711.4890095555
plasma,2.7,525.822650463864,982.6344953495,1665.40035958963
plasma,2.8,508.643327144751,951.930017336644,1629.61995717985
plasma,2.9,486.842887930508,928.139979381572,1596.70274810335
plasma,3,459.673540609484,904.437210718832,1561.98726286255
plasma,3.1,436.814963135001,879.33371940981,1524.23794547627
plasma,3.2,427.097546308044,856.218442793796,1487.5884006751
plasma,3.3,413.531831708324,837.525460945276,1452.25970501615
plasma,3.4,394.054258482886,821.198858480358,1421.24240358796
plasma,3.5,382.539799198187,805.676145685693,1395.9237510981
plasma,3.6,365.986999362413,789.05180041017,1369.43189808928
plasma,3.7,345.706457308686,768.177302040016,1334.97307711884
plasma,3.8,326.745700244491,753.074067613773,1298.41816644623
plasma,3.9,307.648492661704,733.591968160142,1265.7202572519
plasma,4,291.811122039983,713.986821928581,1245.33028997997
plasma,4.1,280.054744119227,697.591718542872,1220.02424877326
plasma,4.2,263.069047034172,680.539812718881,1190.28143968863
plasma,4.3,246.108885533952,664.336965096252,1166.27371667336
plasma,4.4,232.070381682779,646.211123610158,1144.05655090968
plasma,4.5,217.327799217543,628.937698166937,1126.6288235102
plasma,4.6,204.154092231928,611.533814601107,1106.53030564717
plasma,4.7,189.717093405519,593.170095697271,1086.30021554524
plasma,4.8,178.065296417682,574.676370347965,1073.65885384056
plasma,4.9,167.105795034329,558.338318955539,1053.76473261086
plasma,5,156.801006386003,542.575206464142,1035.03788635724
plasma,5.1,147.114903982463,528.606183619791,1017.40458944667
plasma,5.2,137.259066933954,516.572523398628,999.509563507744
plasma,5.3,127.705984002644,502.940929269274,984.607690815773
plasma,5.4,118.778223352243,488.887679894786,971.344290463077
plasma,5.5,111.03192306451,475.066907404523,956.735921463279
plasma,5.6,103.596547089424,465.448375614312,942.268009371083
plasma,5.7,96.483852137758,453.434640468868,927.950727696635
plasma,5.8,89.6181293200399,440.516522518157,911.200035272221
plasma,5.9,84.1739186125197,429.981867610973,898.573868230805
plasma,6,78.1713339469282,420.844651326746,885.33217137022
plasma,6.1,72.5617126472335,408.489026814902,872.986825900531
plasma,6.2,68.1425044287731,396.452109180434,858.129000838432
plasma,6.3,64.0032703565683,387.28682503766,841.443593413322
plasma,6.4,60.1226911464147,377.317983725554,828.617329484507
plasma,6.5,56.5485410735358,366.902198908172,816.899145725656
plasma,6.6,53.6050455287718,355.740088167731,806.066498040167
plasma,6.7,50.8148916295344,347.005113827089,796.576774800088
plasma,6.8,47.7778540792869,336.913852558428,786.182401443524
plasma,6.9,44.9128583368002,327.917222539891,772.140756771845
plasma,7,42.2213570976602,318.862865485394,758.179836581699
plasma,7.1,39.6927503587066,309.695471396653,746.939858730943
plasma,7.2,37.3170908314511,301.282000310445,736.659826884028
plasma,7.3,35.085042239094,293.005774351019,725.633580987058
plasma,7.4,32.9878425340883,284.637213222792,714.758435173603
plasma,7.5,31.0245414114389,275.774407952591,704.033640819907
plasma,7.6,28.9445811383127,268.638183886029,692.484814217503
plasma,7.7,26.9003362500789,261.42885914771,681.618782280916
plasma,7.8,25.0148848213113,253.561783576406,672.681288531879
plasma,7.9,23.3077008734497,246.663633588071,662.6189875402
plasma,8,21.6492622825978,240.57396466722,651.735692671072
plasma,8.1,20.0610110068458,233.685381238214,642.826638788144
plasma,8.2,18.5891560652989,226.755972212311,633.641071298741
plasma,8.3,17.2251965673042,219.718888036859,624.612968929659
plasma,8.4,16.0916852456813,213.756178287802,617.896508494932
plasma,8.5,15.0437062180773,207.688136665217,611.12629261343
plasma,8.6,14.0643996543018,201.254005852768,600.813426594501
plasma,8.7,13.1492374582884,196.43012404346,592.311890382059
plasma,8.8,12.2939942651743,191.156533508808,584.450313161004
plasma,8.9,11.4947245415764,186.005529730633,577.79089219179
plasma,9,10.7428675678218,180.976345356665,570.363951948297
plasma,9.1,10.012775458402,174.961470814386,564.966777065281
plasma,9.2,9.33235403251846,169.557166999799,559.831631296061
plasma,9.3,8.69821932556249,164.577622901971,553.231179307601
plasma,9.4,8.14391224207603,160.159914546257,546.809884582402
plasma,9.5,7.63316375037864,155.456996978118,541.002922410947
plasma,9.6,7.15159232523399,151.219142394171,532.360870160877
plasma,9.7,6.6954237041016,147.03043956421,525.223929802283
plasma,9.8,6.26848039104868,142.990229829298,518.277223947079
plasma,9.9,5.86888417767307,139.021470939399,510.627190953053
plasma,10,5.49487541978047,134.833329980868,505.027827915719
plasma,10.1,5.14480917155713,131.038823486906,499.252610886666
plasma,10.2,4.8171443724782,127.091956630578,492.724651809832
plasma,10.3,4.51044054474106,123.017882923332,486.282472892913
plasma,10.4,4.22335012838907,119.42405110677,479.924945097075
plasma,10.5,3.95461459378355,115.716084167197,471.857400796071
plasma,10.6,3.69229246660776,112.123127870504,463.580924361848
plasma,10.7,3.44168118572123,108.641627608398,455.613884551041
plasma,10.8,3.19233932757369,105.268137821975,449.531547165679
plasma,10.9,2.96101957937805,101.999317497324,443.58578938051
plasma,11,2.74642473377837,98.8319284170562,437.333628550159
plasma,11.1,2.54735151181769,95.7628311865362,430.906408467634
plasma,11.2,2.36268163365554,92.7889827089734,426.201197679972
plasma,11.3,2.19137751125607,90.4051708909007,418.972619156207
plasma,11.4,2.03247677207783,87.9647234245634,413.08004723596
plasma,11.5,1.88508587873651,85.5094906272076,406.103475760586
plasma,11.6,1.74837575195746,82.6936520067542,399.647386484576
plasma,11.7,1.62157169581249,80.0389418450513,394.97879581832
plasma,11.8,1.50396029025927,77.4700641486175,390.648034729014
plasma,11.9,1.4020614951195,75.1586751896271,386.796131297507
plasma,12,1.30845489351484,73.0364943440005,382.39364221126
plasma,12.1,1.22109858112873,70.9742865235851,378.043990502776
plasma,12.2,1.13957530729552,69.0053755638385,373.095707882801
plasma,12.3,1.06349543945188,67.0230581984816,368.163247208927
plasma,12.4,0.992497770924283,65.0915806927015,363.29620117057
plasma,12.5,0.926242648177307,63.1394221023523,358.493702923857
plasma,12.6,0.864413370258116,61.1338530467867,353.754896716319
plasma,12.7,0.804044323896471,59.2163925195149,348.914350025078
plasma,12.8,0.746690112568517,57.5383154137255,344.054671286713
plasma,12.9,0.693433944162045,55.8879163026748,339.194566992516
plasma,13,0.643983938166907,54.2344432595847,334.157762385883
plasma,13.1,0.598067221192757,52.6284942872981,329.188368544297
plasma,13.2,0.555431732053608,51.058306667945,324.38548329534
plasma,13.3,0.515843428743257,49.6097797009659,319.919044006661
plasma,13.4,0.479084685098347,48.2137008078929,315.50860262178
plasma,13.5,0.444953740839516,46.8569620070529,311.15371223089
plasma,13.6,0.41326281878085,45.4589140016756,306.853918240826
plasma,13.7,0.383836440579368,44.1236673082365,302.910105772254
plasma,13.8,0.356510287653283,42.7402946628219,299.289642858961
plasma,13.9,0.331136604829547,41.3999365389119,294.995707661615
plasma,14,0.307574322437843,40.0936628615622,290.644229223069
plasma,14.1,0.285694166047317,38.8677271027106,286.657312784246
plasma,14.2,0.265581595339996,37.746675113729,283.566581073166
plasma,14.3,0.248020365810192,36.669231818011,280.509730771365
plasma,14.4,0.231620289871814,35.6226987765728,277.226049436625
plasma,14.5,0.216305179109629,34.5934998134048,273.622261561321
plasma,14.6,0.202003192912714,33.4422174517207,270.065509442976
plasma,14.7,0.188647922482507,32.479747835761,266.044188816464
plasma,14.8,0.176175777424385,31.5250664781011,261.926649008825
plasma,14.9,0.164527691070275,30.5446234408878,257.873558534141
plasma,15,0.153650842109604,29.5942759574138,254.587937264698
plasma,15.1,0.143492856228812,28.673121987505,251.550503770013
plasma,15.2,0.134005637067189,27.7802841398087,248.544463692428
plasma,15.3,0.125073236492777,26.9149112139457,245.569605812049
plasma,15.4,0.116643523324401,26.0761767839777,242.625717155142
plasma,15.5,0.108781936639534,25.2632780242697,239.736980326694
plasma,15.6,0.101450382796656,24.4754353509934,237.4927560658
plasma,15.7,0.0946130013018848,23.7118920754397,235.159990034128
plasma,15.8,0.0882362731669225,22.9701674379991,232.728262644818
plasma,15.9,0.0822896774236051,22.27794913783,230.32068508542
plasma,16,0.0767440162706469,21.6587831869447,227.937060693808
plasma,16.1,0.0715719975508274,20.9863021537778,225.912590276437
plasma,16.2,0.0667484724396602,20.3804181421951,223.949436542444
plasma,16.3,0.0622504837998336,19.7705915315546,221.866738614168
plasma,16.4,0.0580556261503552,19.1762676098517,219.799427562341
plasma,16.5,0.0541432693010881,18.6245617092032,217.747506580316
plasma,16.6,0.0504946206564481,18.0567512433534,215.458232032308
plasma,16.7,0.0470919995744801,17.5151978090082,212.866839892516
plasma,16.8,0.0439187833759526,16.9897614989409,210.279542762463
plasma,16.9,0.0409592372517847,16.4906800232771,207.720285297289
plasma,17,0.0381991592859583,16.0056422835406,205.181680382316
plasma,17.1,0.0356252343501143,15.5225404824164,202.881801138734
plasma,17.2,0.0332247556357544,15.0342589266928,200.158322740452
plasma,17.3,0.0309860886294676,14.6152640505358,198.025011148345
plasma,17.4,0.0288982388459864,14.2079476280691,195.901401580318
plasma,17.5,0.0269512777171407,13.8101952493846,193.735397643318
plasma,17.6,0.0251354817587609,13.4021628581373,191.428139221724
plasma,17.7,0.0234421759014333,13.0062120567544,189.116979780482
plasma,17.8,0.0218629576883777,12.6219843610692,186.833745704795
plasma,17.9,0.02039017785323,12.2698578855606,184.578099252163
plasma,18,0.0190166602965906,11.9287057259314,182.34970673121
plasma,18.1,0.0177356021922009,11.5908955297661,180.148238798741
plasma,18.2,0.0165407985273192,11.229358432237,177.973370074914
plasma,18.3,0.0154264390865632,10.8792606036718,175.82477869746
plasma,18.4,0.0143872189404242,10.5402352849046,173.702146875288
plasma,18.5,0.0134178214371078,10.2319279436795,171.605160634047
plasma,18.6,0.0125137597231892,9.93055553840674,169.485561950527
plasma,18.7,0.0116704118334985,9.63736273050203,167.362745801968
plasma,18.8,0.010884073804745,9.35284468480528,165.266519946144
plasma,18.9,0.0101508297720799,9.07744562619564,163.196551223175
plasma,19,0.00946707758551447,8.8032970121003,161.152510934191
plasma,19.1,0.00882943007460522,8.53742802704689,159.134074156793
plasma,19.2,0.00823491504244128,8.27958845504496,157.140920270276
plasma,19.3,0.00768076392402093,8.02953584633409,155.172732424433
plasma,19.4,0.00716399676376136,7.78280924577387,153.229197819533
plasma,19.5,0.00668203740922398,7.54201060818337,151.310007849731
plasma,19.6,0.0062323598568836,7.3086720843687,149.414857395363
plasma,19.7,0.00581291928802609,7.08256279375929,147.543445537066
plasma,19.8,0.0054218425382226,6.86345823701319,145.695474727843
plasma,19.9,0.00505726601907785,6.65590447039624,143.870651264676
plasma,20,0.00471713663018347,6.45608630755232,142.068685400925
plasma,20.1,0.00439977908929499,6.26229940033283,140.289290721048
plasma,20.2,0.0041035858480065,6.07436079681432,138.532184501341
plasma,20.3,0.00382734605817875,5.88713883774112,136.797087422777
plasma,20.4,0.00356974794953663,5.69837124798194,135.083723691145
plasma,20.5,0.00332939839363308,5.52225739155357,133.391821120813
plasma,20.6,0.00310524528776486,5.35249516773458,131.72111088993
plasma,20.7,0.00289612673495157,5.18795801856774,130.071327796799
plasma,20.8,0.00270106014708367,5.02848499261309,128.442209452584
plasma,20.9,0.00251908764355249,4.87391975594718,126.833496949246
plasma,21,0.00234940711634308,4.72411093116569,125.244934682832
plasma,21.1,0.00219120694502725,4.57891186929192,123.676270406903
plasma,21.2,0.00204369284265374,4.43818055322133,122.127254858417
plasma,21.3,0.00190611964605076,4.29766902908491,120.635680957522
plasma,21.4,0.00177784519299762,4.16018390861874,119.292497791476
plasma,21.5,0.00165835115294707,4.03513098988587,118.010168696492
plasma,21.6,0.00154693588726968,3.91354826165178,116.742029186388
plasma,21.7,0.00144300336806152,3.78569303788503,115.487918663649
plasma,21.8,0.00134612077215958,3.65727474303999,114.317408473656
plasma,21.9,0.00125575691803916,3.5331770114546,113.16581144226
plasma,22,0.00117143413880255,3.42428216851517,112.025969326498
plasma,22.1,0.00109290604787896,3.3231609609774,110.897761212487
plasma,22.2,0.00102033686246057,3.23301643224179,109.78106706295
plasma,22.3,0.000952617526367336,3.15056505122198,108.675768470409
plasma,22.4,0.000889376217072574,3.0702192834385,107.557866414563
plasma,22.5,0.000830269102594741,2.98648181571095,106.318928530102
plasma,22.6,0.00077501831303532,2.89896622897078,105.0942667956
plasma,22.7,0.000723619578274094,2.81635297884885,103.883716620002
plasma,22.8,0.000675645264108962,2.73610914947114,102.68711529356
plasma,22.9,0.000630851145579128,2.65816639545745,101.504302030779
plasma,23,0.000589001182197498,2.57275115877119,100.33511808091
plasma,23.1,0.000549865163364927,2.48911315948828,99.1794063073595
plasma,23.2,0.000513305891765394,2.41012778550016,98.0370113259102
plasma,23.3,0.000479262594149277,2.33833768166164,96.9077795985623
plasma,23.4,0.000447474988348962,2.26988967043327,95.7688701577596
plasma,23.5,0.000417783512994689,2.20345053814697,94.6312620343369
plasma,23.6,0.00039003463488283,2.13896118135991,93.5063512623402
plasma,23.7,0.000364139826836516,2.07636417934395,92.3940155806465
plasma,23.8,0.000339983477407258,2.01560374622889,91.2941334395129
plasma,23.9,0.000317481880899275,1.95662592586245,90.2065840124403
plasma,24,0.000296483807927216,1.899465725843,89.1312470417992
plasma,24.1,0.000276881173306022,1.84452498435065,88.0680032043935
plasma,24.2,0.0002585683571837,1.79034266898995,87.0167338631966
plasma,24.3,0.000241325387785882,1.73775141068711,85.9773211177652
plasma,24.4,0.000224889048199719,1.6867047753816,84.9496477955002
plasma,24.5,0.000209332520844686,1.63715782704595,83.9335973204342
plasma,24.6,0.000194771955623822,1.58977451079791,82.9290541425618
plasma,24.7,0.00018122871026494,1.54379277998049,81.935903480632
plasma,24.8,0.000168660953211684,1.49914158209753,80.9540312557557
plasma,24.9,0.00015703742780058,1.45578239478679,79.9833241256071
plasma,25,0.000146336746838018,1.41264081277915,79.0236695280969
brint,0,0,0,0
brint,0.1,0,0,0
brint,0.2,0,0,0.47347428451599
brint,0.3,0,0.123188043376183,2.12679781069901
brint,0.4,0,0.749613401499016,4.60505364908352
brint,0.5,0,1.80641581158357,7.21312734295034
brint,0.6,0.10461367233548,2.99214646510662,9.69295612900445
brint,0.7,0.465304445050756,4.16832101281941,11.5711141247625
brint,0.8,0.973930857035703,5.33075272719023,13.1080074210377
brint,0.9,1.48726050521538,6.27847344752473,14.1349594164917
brint,1,1.87363021983442,7.19579850670739,15.0057776913647
brint,1.1,2.23792635412452,7.88226489034858,15.7971842346021
brint,1.2,2.67204486200705,8.45496802318327,16.4852471378407
brint,1.3,2.99797467907583,8.85157429094363,17.0641642835588
brint,1.4,3.34103335245006,9.18184557274191,17.6113301455401
brint,1.5,3.64415140517315,9.36962987962934,17.715913515397
brint,1.6,3.8629042031272,9.46464243524965,17.4698245509179
brint,1.7,4.06329985084416,9.48559364124391,17.3045825854568
brint,1.8,4.21071815113011,9.51963535733979,17.096006491508
brint,1.9,4.39654962240417,9.48034587406609,16.7218502901943
brint,2,4.56383502632423,9.41957941021352,16.3043352220176
brint,2.1,4.65540225527051,9.37471321880643,15.993655157263
brint,2.2,4.73320081955179,9.2159400130099,15.7221691690973
brint,2.3,4.7610353783695,9.06679968927115,15.387942076793
brint,2.4,4.64315366686499,8.93290968715933,15.0191553852991
brint,2.5,4.59624754758097,8.72945104880333,14.670225973697
brint,2.6,4.54262366062036,8.51415273118829,14.4413597441871
brint,2.7,4.58848432947327,8.32390287375641,14.1437410370518
brint,2.8,4.49391135286849,8.14849808002996,13.8597259417047
brint,2.9,4.35085132205017,7.98385136085906,13.5360442742004
brint,3,4.1925554924788,7.80140857759703,13.2155382485007
brint,3.1,4.07489979829563,7.57331219396949,12.9047182562755
brint,3.2,3.91024631188002,7.35390619657553,12.6524664932832
brint,3.3,3.70657611555708,7.16129441064548,12.4200239138288
brint,3.4,3.5313920805487,6.99577735353034,12.1112199236434
brint,3.5,3.38793567678293,6.81503360083052,11.896323126076
brint,3.6,3.29872802180188,6.63713059352238,11.5428245121876
brint,3.7,3.15614168047869,6.5121543512237,11.2614125779988
brint,3.8,3.05903680382492,6.39683124945871,11.0610445449705
brint,3.9,2.92984870386052,6.26691523010278,10.9103899900999
brint,4,2.79446232291154,6.10851047008824,10.5798240292343
brint,4.1,2.63923389763768,5.98006491043303,10.3008469713196
brint,4.2,2.49237817589776,5.84888726792725,10.0618552753696
brint,4.3,2.35244279698393,5.68770856706187,9.87759990429931
brint,4.4,2.23995527256038,5.54752731019528,9.69183322582059
brint,4.5,2.14179574600988,5.41066561564348,9.45704214151511
brint,4.6,2.00155903865096,5.28572042739751,9.26615743512838
brint,4.7,1.87789307489672,5.15368401978628,9.11587011862321
brint,4.8,1.76844120822633,5.01494633336171,8.93718915002739
brint,4.9,1.65447140628188,4.87424710730432,8.81968775837515
brint,5,1.55340075217605,4.73317202998362,8.63301820442501
brint,5.1,1.4452335739961,4.58324288279931,8.5135905134431
brint,5.2,1.3566972718067,4.44257814879822,8.39772791420692
brint,5.3,1.27340486700705,4.32882594994428,8.23028177281204
brint,5.4,1.19507319108317,4.2102690953605,8.08399451771462
brint,5.5,1.12071529477922,4.11668725733062,7.9346642271244
brint,5.6,1.0433101938917,4.00947593881189,7.83238304115819
brint,5.7,0.970912589401225,3.90162337267867,7.72647012485406
brint,5.8,0.903537076591087,3.79379210457648,7.60326672927175
brint,5.9,0.846181962827181,3.70180772576064,7.48832405500096
brint,6,0.789010945013684,3.61156083909625,7.38256078214192
brint,6.1,0.734955676243979,3.51301180497865,7.23705869111637
brint,6.2,0.684257741521194,3.421859677422,7.12554718306231
brint,6.3,0.641677234682499,3.34910935341467,7.03775307303935
brint,6.4,0.595832692886528,3.26263231403323,6.93248629345473
brint,6.5,0.554997893501143,3.16706506597502,6.82979064660308
brint,6.6,0.521299974962535,3.08072930934653,6.70431063819992
brint,6.7,0.489707671545924,3.00573518762333,6.58298043893116
brint,6.8,0.460085917551765,2.92574766903192,6.49099551734155
brint,6.9,0.432902600881569,2.83737436631698,6.4039153420985
brint,7,0.410391677423635,2.76447057199138,6.33219688529276
brint,7.1,0.388152812184488,2.68982315211812,6.24958536817004
brint,7.2,0.364882029998116,2.61264535836811,6.14443566354835
brint,7.3,0.343019932991194,2.54524399929198,6.02541682071934
brint,7.4,0.322480533771848,2.47116731802516,5.93535583876891
brint,7.5,0.303183117702263,2.40314195687962,5.85261561548073
brint,7.6,0.285051922043276,2.33708932782868,5.76777706537516
brint,7.7,0.268015837669775,2.2696712405465,5.68144073497308
brint,7.8,0.252008123173666,2.2013715165425,5.59629045226849
brint,7.9,0.237348368336474,2.13920533401854,5.50995675035334
brint,8,0.221123278692611,2.0861536256226,5.41720951324403
brint,8.1,0.205352043040443,2.02358695480144,5.34613425053582
brint,8.2,0.191216267206381,1.9653647171925,5.26803596247969
brint,8.3,0.178222790449575,1.91657095679269,5.18147343209144
brint,8.4,0.165607175352945,1.86234311559069,5.1090526649093
brint,8.5,0.153479045510919,1.81045509224594,5.03692203743451
brint,8.6,0.142238131872381,1.75349835334193,4.96631246827289
brint,8.7,0.131870242393628,1.70485920678699,4.90741437202428
brint,8.8,0.123292407537858,1.65771479416826,4.85669987969878
brint,8.9,0.115276075999451,1.60656208693029,4.77972210975545
brint,9,0.107784264064775,1.56440123955922,4.70883226416295
brint,9.1,0.100782453642795,1.52530150037562,4.64268134648127
brint,9.2,0.094238408382994,1.48236962732384,4.59177036507234
brint,9.3,0.0881220109286966,1.44416616264816,4.53275517041705
brint,9.4,0.0822072814308842,1.39898685029203,4.48628760030731
brint,9.5,0.0766253291034128,1.35362101664823,4.4455618677554
brint,9.6,0.0714227478642721,1.31339330294636,4.39636321703827
brint,9.7,0.0665737394536193,1.27745091549627,4.34469808068757
brint,9.8,0.0622859552575057,1.24013855792509,4.29931108126854
brint,9.9,0.0583820894778095,1.20606658338971,4.23228161686011
brint,10,0.0547235128325845,1.17293169274028,4.17368826048623
brint,10.1,0.051294775909343,1.14070808437397,4.1183581022643
brint,10.2,0.0480814051847329,1.10937068016148,4.06292424743585
brint,10.3,0.0450698408498465,1.07615059083531,4.01249812779333
brint,10.4,0.0422473781583916,1.04570691620447,3.96822846493369
brint,10.5,0.039602115747282,1.01503574465751,3.91634677735898
brint,10.6,0.037097769773674,0.982790780733084,3.86514653649016
brint,10.7,0.0347451200269266,0.953630729847411,3.81461879510836
brint,10.8,0.0325425025996507,0.924439753959019,3.75310852210026
brint,10.9,0.0304803071622475,0.895738902925373,3.68733740813964
brint,11,0.0284742688059041,0.867928129542445,3.6226342509465
brint,11.1,0.0265803414681756,0.840979935442898,3.57321430457664
brint,11.2,0.0246916582378231,0.81486766272215,3.52595976664284
brint,11.3,0.0229133497159862,0.789565466488355,3.47697512932821
brint,11.4,0.0212630824496721,0.765048290744471,3.42585993360944
brint,11.5,0.0197316741348186,0.741291848149429,3.38605951109282
brint,11.6,0.0183106049932373,0.720438370544048,3.33367027599841
brint,11.7,0.0169919431052244,0.701679433572519,3.28452104502539
brint,11.8,0.0157683423432691,0.682751196076076,3.23146940747018
brint,11.9,0.0146329497634109,0.660913220224323,3.17572292197931
brint,12,0.0135794304591603,0.639700563067541,3.13863025415117
brint,12.1,0.0126018787938484,0.61917349206008,3.10320075599527
brint,12.2,0.011694840444702,0.59991860923584,3.07393953178436
brint,12.3,0.0109144887371014,0.582981192331145,3.03895005048473
brint,12.4,0.0101918556653305,0.566522306519419,3.00438044312771
brint,12.5,0.00951721175510073,0.550752133168954,2.96570634418039
brint,12.6,0.00888736753109023,0.534986443009964,2.92650174599353
brint,12.7,0.0082993468321104,0.519536359396719,2.8878169159356
brint,12.8,0.00775035983379595,0.504922284822138,2.84964497663552
brint,12.9,0.00720489269710831,0.488387212883602,2.81197913678132
brint,13,0.00669360951374589,0.473127060336868,2.77401361148515
brint,13.1,0.00621871356533688,0.459125345000432,2.73537899687804
brint,13.2,0.00577761653161897,0.446315552876704,2.69683679180046
brint,13.3,0.00536791142772644,0.432890553228609,2.65681161885633
brint,13.4,0.00498736028749904,0.420784752567589,2.61732133367799
brint,13.5,0.00463389213009628,0.407271776896987,2.57849173074583
brint,13.6,0.00430557698364976,0.39607597730966,2.54300578157279
brint,13.7,0.00400062666917188,0.38486162623018,2.50796403679075
brint,13.8,0.00371736741272451,0.374032360538618,2.47336297750598
brint,13.9,0.00345426366927038,0.363434780365029,2.43919902950834
brint,14,0.00320986651724967,0.352512140466631,2.40730879639224
brint,14.1,0.0029828421915926,0.341573588075201,2.3785365771553
brint,14.2,0.0027719574065666,0.330864473742089,2.34567541432541
brint,14.3,0.00257605363623541,0.320439029483476,2.31107865768388
brint,14.4,0.00240036868624179,0.310490589953179,2.27764183808973
brint,14.5,0.00224418482443805,0.301292104199909,2.25308411698565
brint,14.6,0.00209824225138255,0.292694085507972,2.22879558783364
brint,14.7,0.00196187321648443,0.284342667268893,2.2036289893668
brint,14.8,0.00183444282156547,0.276230745494134,2.17498336239714
brint,14.9,0.00171536083313928,0.267374549889449,2.14671158310308
brint,15,0.00160408652782098,0.25933340480193,2.11576361240083
brint,15.1,0.00150009760068098,0.251755948925126,2.08301735027965
brint,15.2,0.00140290964716114,0.243930095466029,2.05078364494114
brint,15.3,0.00131208745978655,0.236344323248487,2.02299635586785
brint,15.4,0.00122720280287455,0.228991438031055,1.99886941795238
brint,15.5,0.00114786128317793,0.221864447484821,1.97499163996103
brint,15.6,0.00107370739027774,0.21495657003782,1.95136134982586
brint,15.7,0.00100439602609114,0.208261212740909,1.92797686275298
brint,15.8,0.000939607896780677,0.201771975599863,1.90483647913557
brint,15.9,0.000879049780088318,0.195482645306243,1.88640780313576
brint,16,0.000822443066797818,0.189387187356642,1.86846713762221
brint,16.1,0.000769528370924225,0.183479742426662,1.84914897461969
brint,16.2,0.000720065636625184,0.177830167267242,1.83002254979807
brint,16.3,0.000673827176807,0.172886913835749,1.81108630418226
brint,16.4,0.000630600304877476,0.167752248034343,1.79447806852643
brint,16.5,0.000590189235738652,0.162673582604555,1.77886383726213
brint,16.6,0.000552409730071123,0.158047624868243,1.76232891264444
brint,16.7,0.000517086843978231,0.153037671783121,1.74591593214387
brint,16.8,0.000484057991850417,0.14877580730514,1.72962492685279
brint,16.9,0.000453177761424635,0.144203183041657,1.71185952093669
brint,17,0.000424300012783619,0.139879663728229,1.69146804345955
brint,17.1,0.000397295347478875,0.135684750701904,1.67091547576382
brint,17.2,0.000372041206274748,0.131614685354764,1.65058550477096
brint,17.3,0.000348423478648568,0.1278953677017,1.63047207396052
brint,17.4,0.000326332816206236,0.12408123705904,1.61219555412215
brint,17.5,0.000305673443431941,0.120091222711461,1.59082651315678
brint,17.6,0.000286350529782001,0.116627455285205,1.5732827019895
brint,17.7,0.000268275816318803,0.113377333721261,1.55656158111102
brint,17.8,0.000251367892251399,0.110217794619335,1.5394872722614
brint,17.9,0.000235552565634061,0.107007740352313,1.521301087824
brint,18,0.000220757528274734,0.103846262260171,1.50293436236593
brint,18.1,0.000206914717646068,0.100778387256073,1.48478954678019
brint,18.2,0.00019396195152272,0.0979173877213569,1.46686395948742
brint,18.3,0.000181843483973191,0.0951949004201517,1.44915494836035
brint,18.4,0.000170502497658184,0.0925481211506395,1.43165989449985
brint,18.5,0.000159452845869212,0.0897640807821879,1.41437621040204
brint,18.6,0.000148755395177292,0.0869649895567053,1.39730134136005
brint,18.7,0.000138776537990968,0.0842544387508413,1.38043276574443
brint,18.8,0.000129467367007737,0.0816996187706702,1.36376798721277
brint,18.9,0.000120784824649686,0.0792886459598272,1.34698006802244
brint,19,0.00011268634081835,0.0769476507037061,1.33010931261525
brint,19.1,0.000105131722167428,0.0746759208168786,1.31344987009829
brint,19.2,9.80847742509056e-05,0.072471403877522,1.29699909495668
brint,19.3,9.1512211641045e-05,0.0703054298097485,1.28075437243261
brint,19.4,8.53813702782959e-05,0.0681823868856715,1.26471312134489
brint,19.5,7.96634648288484e-05,0.0661234542090651,1.24887279500712
brint,19.6,7.43302660893662e-05,0.0641266956089404,1.23323087553407
brint,19.7,6.93559303417892e-05,0.0621776440546403,1.217784878905
brint,19.8,6.47149179564511e-05,0.0602658373626772,1.20253234999237
brint,19.9,6.03847108555849e-05,0.0584128744055272,1.18747086493808
brint,20,5.63473726664047e-05,0.0566090163544108,1.17259803264867
brint,20.1,5.25814310125269e-05,0.0548583263849685,1.15791148941188
brint,20.2,4.90674850367105e-05,0.0532002385328599,1.14340890264897
brint,20.3,4.57873612427447e-05,0.0516033657179843,1.12908796698441
brint,20.4,4.27276004974989e-05,0.0500546830122421,1.11494640648386
brint,20.5,3.98748279272494e-05,0.0485527266134066,1.10098197506502
brint,20.6,3.72130687173703e-05,0.0470780244016045,1.08719245439724
brint,20.7,3.47288862043305e-05,0.0455689599273466,1.07357565476779
brint,20.8,3.24094385211609e-05,0.0441082627783678,1.06012941120945
brint,20.9,3.02461858194454e-05,0.0427473097201313,1.04685158689184
brint,21,2.82287798818546e-05,0.0414334970618815,1.03374007218374
brint,21.1,2.63463057923332e-05,0.040160111596284,1.02079278505925
brint,21.2,2.45893461333189e-05,0.0389259072489978,1.00800766923142
brint,21.3,2.29489009543531e-05,0.0377296802219158,0.995382692375058
brint,21.4,2.14190835587699e-05,0.0365702584527926,0.982915848223707
brint,21.5,1.9992217840517e-05,0.0354465073953112,0.97060515564108
brint,21.6,1.8941774226582e-05,0.0343536284654547,0.958710239763382
brint,21.7,1.80815070349479e-05,0.0332464700814442,0.947889507438845
brint,21.8,1.72683709513396e-05,0.0322314572783744,0.93769991195039
brint,21.9,1.65000780333739e-05,0.0312627305134372,0.927623070049217
brint,22,1.57736290785952e-05,0.0302884745051124,0.917657705657831
brint,22.1,1.4806317113858e-05,0.0292612314428137,0.908310452357792
brint,22.2,1.38430692558083e-05,0.0282685414257233,0.89916035334336
brint,22.3,1.31167960132292e-05,0.0273477440807975,0.890103649832148
brint,22.4,1.25006460073122e-05,0.0265400790928242,0.881139382682792
brint,22.5,1.19185552906123e-05,0.0257791006148467,0.872266600290481
brint,22.6,1.13687796551204e-05,0.0251216618164075,0.863484361497205
brint,22.7,1.07502477269946e-05,0.0244810127160962,0.854743525531432
brint,22.8,1.02373513672406e-05,0.0238451996261927,0.844897948535157
brint,22.9,9.79896062648507e-06,0.0231517964406973,0.835165818988561
brint,23,9.38270454847774e-06,0.0224840204364813,0.825545830146098
brint,23.1,8.98620284500856e-06,0.0218433594970999,0.816036689674
brint,23.2,8.51978678964746e-06,0.0212210707653561,0.80663711917959
brint,23.3,8.0375977872808e-06,0.0205682039777965,0.797345855446512
brint,23.4,7.61760997517491e-06,0.0198997207082844,0.78816164967765
brint,23.5,7.14302198523937e-06,0.0192553233690565,0.779083268294234
brint,23.6,6.7107179458357e-06,0.0186720122855585,0.770109493012606
brint,23.7,6.30966217043862e-06,0.0181254256943618,0.761058299143406
brint,23.8,5.93283436527243e-06,0.017594881206158,0.752019624763789
brint,23.9,5.57879592456153e-06,0.0170799070448851,0.743081797081273
brint,24,5.24507905522096e-06,0.016580044956775,0.734243844673108
brint,24.1,4.92964497941845e-06,0.016094851750708,0.725504804148563
brint,24.2,4.63186144691781e-06,0.0156238943931239,0.71686371638802
brint,24.3,4.35839813456777e-06,0.0151667543114965,0.708319628143822
brint,24.4,4.10151869766858e-06,0.0147323794202675,0.69987159176653
brint,24.5,3.86035037639383e-06,0.0142997589638727,0.691518663933995
brint,24.6,3.65332126703326e-06,0.0138798420481277,0.683259909645846
brint,24.7,3.48977054555287e-06,0.0134722546170479,0.675094400051219
brint,24.8,3.33398477872825e-06,0.0130766338460224,0.667021211398152
brint,24.9,3.17664176520421e-06,0.0126926300078418,0.65903942573777
brint,25,3.0288162355774e-06,0.0123252550095595,0.651148131209816
sCSF,0,0,0,0
sCSF,0.1,0,0,0
sCSF,0.2,0,0,0.0303571073813227
sCSF,0.3,0,0.00440397647787436,0.21610866937006
sCSF,0.4,0,0.0729521581824221,0.679587332053513
sCSF,0.5,0,0.236544344251985,1.42880753596774
sCSF,0.6,0.00460025399761103,0.50262186174121,2.31575082131334
sCSF,0.7,0.0501277477150636,0.850988098149522,3.3418857167405
sCSF,0.8,0.138723213161607,1.2503137917275,4.41619317742526
sCSF,0.9,0.261193768964627,1.71394749685528,5.52893294312329
sCSF,1,0.382872561948379,2.21856303860865,6.67915055731878
sCSF,1.1,0.537124865547604,2.72936595464791,7.81587551809326
sCSF,1.2,0.723180849797402,3.28388808596756,8.91197971457976
sCSF,1.3,0.876276379693237,3.81080413757661,9.70175524327476
sCSF,1.4,1.09540339358895,4.32365392380616,10.7776529791392
sCSF,1.5,1.28110619768838,4.83048916812345,11.5016478905778
sCSF,1.6,1.45829248012162,5.30104897748669,12.3292862602222
sCSF,1.7,1.64857990250379,5.7808811148126,13.1259344570837
sCSF,1.8,1.84874289794027,6.25423976384914,13.9154540252187
sCSF,1.9,2.06877673755926,6.63701464849683,14.4176640251564
sCSF,2,2.29405302513443,7.00753151610307,14.9972794818359
sCSF,2.1,2.52859947378867,7.32631737012086,15.4972782742766
sCSF,2.2,2.74352451414788,7.69018035724388,15.8462747595972
sCSF,2.3,2.97019606097569,7.93628405443101,16.2341373602745
sCSF,2.4,3.17593231827581,8.15351153813054,16.434250037951
sCSF,2.5,3.35156825850483,8.39544913543109,16.7474209270698
sCSF,2.6,3.53853925431202,8.51406572871512,16.8235700246039
sCSF,2.7,3.68018292323936,8.63895371011833,16.9008756037011
sCSF,2.8,3.81102228221376,8.77341075823053,16.9429242909028
sCSF,2.9,3.94135884137982,8.90533169736753,16.9070422608949
sCSF,3,4.07687163066161,8.98174543655861,16.8822872506606
sCSF,3.1,4.19704165281463,9.06847910452738,16.949282229302
sCSF,3.2,4.32455440514631,9.10252428975197,16.9304347297139
sCSF,3.3,4.40718530923881,9.14527149285887,16.7498802793092
sCSF,3.4,4.50216067797486,9.23275826665984,16.5665457337053
sCSF,3.5,4.59119837534995,9.32683568742203,16.3508268748406
sCSF,3.6,4.64911580046431,9.36078849060851,16.1964851417088
sCSF,3.7,4.70691264637039,9.33766037190387,16.0529995918244
sCSF,3.8,4.76365030000055,9.33274382269276,15.8999368566837
sCSF,3.9,4.81071108252782,9.31037467674184,15.6768283749276
sCSF,4,4.85138202630132,9.2292232603735,15.4862796277461
sCSF,4.1,4.88809438488566,9.18396004831196,15.3668910751568
sCSF,4.2,4.86469858271932,9.11057416663245,15.2901137083401
sCSF,4.3,4.87274093496766,9.0381891089077,15.2497701380091
sCSF,4.4,4.77734119298488,8.9271947712614,15.0954004727947
sCSF,4.5,4.67553791797092,8.86619669179991,15.0051690221938
sCSF,4.6,4.67729145052223,8.79635402177485,14.9083372208514
sCSF,4.7,4.53674170218996,8.73151295760592,14.8146061040135
sCSF,4.8,4.53356928245101,8.6490020507661,14.6773497734284
sCSF,4.9,4.47588308439022,8.54032906113082,14.5515393875336
sCSF,5,4.36160027886891,8.425730719767,14.4479619765557
sCSF,5.1,4.32801525878209,8.36120908831095,14.2319137719957
sCSF,5.2,4.24705696350948,8.25472378867484,14.108548627015
sCSF,5.3,4.16862633753365,8.10639964706708,13.9540454934719
sCSF,5.4,4.0669369469548,7.95182204465639,13.7631990750279
sCSF,5.5,3.96706824823567,7.85229324962751,13.6852362226503
sCSF,5.6,3.89325693274702,7.76655501170204,13.4101274849639
sCSF,5.7,3.79795730583317,7.67894385719511,13.1842804728617
sCSF,5.8,3.70941307434684,7.56281931366336,13.0294225192661
sCSF,5.9,3.61100381080278,7.4508066645277,12.8147944996187
sCSF,6,3.49185646526831,7.30587183935226,12.6461472302587
sCSF,6.1,3.38597700198171,7.20533273808336,12.4551343536283
sCSF,6.2,3.25860797545145,7.05929601608458,12.2427698297706
sCSF,6.3,3.16301123040535,6.92962811996184,12.1043758793355
sCSF,6.4,3.05774343148221,6.84208674081677,11.9459728511662
sCSF,6.5,2.92156885960509,6.75430235803644,11.8540468860427
sCSF,6.6,2.81659965548617,6.63301416880163,11.7140670912693
sCSF,6.7,2.70559678089367,6.52389025201394,11.5726052943692
sCSF,6.8,2.61135289280356,6.42718841710772,11.4479084593866
sCSF,6.9,2.51916459998135,6.3027249858936,11.3577225619248
sCSF,7,2.40966831468585,6.1713143826065,11.2050761221933
sCSF,7.1,2.3163204854281,6.05763158880086,11.0623255943822
sCSF,7.2,2.23554011034661,5.95242971521024,10.8947672680361
sCSF,7.3,2.14383945038065,5.85382197127097,10.7419245206046
sCSF,7.4,2.05075171722369,5.73799961122017,10.5888714640862
sCSF,7.5,1.96929395993434,5.64260188668738,10.4567796997621
sCSF,7.6,1.89066813167416,5.52808631118287,10.4171242106198
sCSF,7.7,1.81480607518629,5.42406113943134,10.3322596381135
sCSF,7.8,1.74031459511762,5.31622425264555,10.2327183821794
sCSF,7.9,1.66407221661801,5.21989398833239,10.1529099693746
sCSF,8,1.59065822861867,5.09573491484424,10.0502531782904
sCSF,8.1,1.51038027087232,4.99498031438097,9.93345462661228
sCSF,8.2,1.43684352473661,4.88973505472394,9.81026530258605
sCSF,8.3,1.38432644914387,4.78455972699499,9.68062267098435
sCSF,8.4,1.33085013772204,4.68678975781984,9.57851013956761
sCSF,8.5,1.28096372318221,4.57770567364236,9.54227267069899
sCSF,8.6,1.22672728674924,4.47310610507393,9.44465917431524
sCSF,8.7,1.17024648646802,4.38144294159055,9.33071882527141
sCSF,8.8,1.11617833997551,4.27645255815573,9.23940977343463
sCSF,8.9,1.06762458369351,4.18681181427072,9.13750281496009
sCSF,9,1.02106992712075,4.10639189770326,9.04586352853431
sCSF,9.1,0.97643991219094,4.0274904406276,8.93939252744735
sCSF,9.2,0.933662319788117,3.9402816764499,8.83705312301901
sCSF,9.3,0.892626064489756,3.84236327709476,8.72723774259304
sCSF,9.4,0.852755465639772,3.76368510991799,8.62630311886783
sCSF,9.5,0.81201928304133,3.69026137103611,8.53146245502772
sCSF,9.6,0.77290646995764,3.62657130229143,8.44843442453685
sCSF,9.7,0.73553305421145,3.5543090816875,8.35032453810207
sCSF,9.8,0.699911020625118,3.47602921024194,8.22200073551336
sCSF,9.9,0.672137715098024,3.401256867445,8.12644544580291
sCSF,10,0.644717405286472,3.30968286301104,8.01148118933346
sCSF,10.1,0.610970438240813,3.23184293780426,7.89958358397668
sCSF,10.2,0.578235230831743,3.15960373218506,7.78146346246588
sCSF,10.3,0.547198950998832,3.07521672781847,7.66794689134503
sCSF,10.4,0.517778054640896,2.99776236458518,7.56465467285012
sCSF,10.5,0.491957061907939,2.9222254902852,7.47554140328229
sCSF,10.6,0.467641986064064,2.85206955795692,7.38417194828359
sCSF,10.7,0.44448715530989,2.78555150417408,7.30115067189626
sCSF,10.8,0.422440427726149,2.72166696914292,7.22879005308173
sCSF,10.9,0.401451756023452,2.66096543040133,7.15680479946362
sCSF,11,0.38147310556516,2.59394773282468,7.08520882484555
sCSF,11.1,0.36245841491825,2.53782439234234,6.99735083571942
sCSF,11.2,0.344964858031114,2.48858474080778,6.90330913329568
sCSF,11.3,0.328709404474299,2.43109453701935,6.80931767120856
sCSF,11.4,0.313546685568433,2.37773522561187,6.73921432559861
sCSF,11.5,0.297761401082239,2.32540081011461,6.63844673771698
sCSF,11.6,0.282534388629549,2.27179961273515,6.55406267949867
sCSF,11.7,0.268060527693026,2.2145754802643,6.4554228031194
sCSF,11.8,0.254304563296438,2.16545917965552,6.35821650099213
sCSF,11.9,0.241403817621545,2.11782784796735,6.30239654513985
sCSF,12,0.230050370257079,2.05840477613604,6.22957078068729
sCSF,12.1,0.220553718461781,2.00611595720256,6.16358290679507
sCSF,12.2,0.21188783322584,1.95941770527298,6.09418481670194
sCSF,12.3,0.202619098834244,1.90937888885661,6.00696629458386
sCSF,12.4,0.192603497158647,1.86416164930559,5.92066555205297
sCSF,12.5,0.183078814378431,1.8164156489221,5.83834913416663
sCSF,12.6,0.174021453553571,1.76753887181878,5.78212826406744
sCSF,12.7,0.165408889416638,1.7141988380016,5.72890501023958
sCSF,12.8,0.157219672748392,1.66794512967282,5.67607139767518
sCSF,12.9,0.149433319830036,1.62302301849837,5.60570872104329
sCSF,13,0.141686520732753,1.58471259321945,5.51848885880857
sCSF,13.1,0.134308392611964,1.54673317005849,5.43259851996121
sCSF,13.2,0.127477162950064,1.50882777457204,5.36654862964947
sCSF,13.3,0.120987241345491,1.46843333579436,5.30738035288763
sCSF,13.4,0.115094810583755,1.4284197895496,5.23688156962719
sCSF,13.5,0.109494924624489,1.38796845669974,5.16788786390142
sCSF,13.6,0.104164905355622,1.3529021776229,5.10264543729686
sCSF,13.7,0.099091987706944,1.32089134231658,5.04276653008655
sCSF,13.8,0.0942639670475525,1.29467742789796,4.96428979238482
sCSF,13.9,0.089669226950571,1.26654993385963,4.88485964141095
sCSF,14,0.0852966666717509,1.23639115397816,4.78481426372317
sCSF,14.1,0.0811357019809797,1.20371900966869,4.71359069674068
sCSF,14.2,0.077255558609794,1.16984566373105,4.64977914283894
sCSF,14.3,0.073681967082703,1.13652115489134,4.59583493122752
sCSF,14.4,0.0699587924052641,1.1045269664309,4.54522807512198
sCSF,14.5,0.0664240715860654,1.07519171841325,4.48917913518953
sCSF,14.6,0.0630682939113504,1.04712124266674,4.43368668026688
sCSF,14.7,0.0599659452657191,1.0221312371457,4.37875164592623
sCSF,14.8,0.0571993620314952,0.997715682482907,4.33479378545052
sCSF,14.9,0.0541507812297302,0.973862379216432,4.29162288966233
sCSF,15,0.0516148883373219,0.950559327179938,4.24880662266527
sCSF,15.1,0.0494731423525449,0.927794753250529,4.20220462681231
sCSF,15.2,0.0473490635673561,0.903923732306687,4.15138771333103
sCSF,15.3,0.0451632873173324,0.879264889671231,4.10114063540125
sCSF,15.4,0.043078191353356,0.85669319274077,4.05145903438175
sCSF,15.5,0.0408792588177635,0.835605974219448,4.00233839732563
sCSF,15.6,0.038787484413023,0.81403087504213,3.9537742776258
sCSF,15.7,0.0368265920531964,0.791466419357241,3.91245072522613
sCSF,15.8,0.0350018016450568,0.769494359595018,3.87270277370746
sCSF,15.9,0.0333243882467956,0.747125391963521,3.83321712913031
sCSF,16,0.0318042329950004,0.725129081899619,3.78816786950531
sCSF,16.1,0.030353406979505,0.70555065614835,3.7385571933332
sCSF,16.2,0.0289688761193473,0.686623092133278,3.69321722762911
sCSF,16.3,0.0276477675360231,0.667966264742112,3.65332778737585
sCSF,16.4,0.0263183470435022,0.6493371584169,3.61384340433263
sCSF,16.5,0.0250239424787086,0.631134540766812,3.57476085492581
sCSF,16.6,0.0237927377975655,0.615637604637617,3.53621894401841
sCSF,16.7,0.0226216788498012,0.600985590646109,3.49491431905607
sCSF,16.8,0.0215078658480968,0.586680299951577,3.45262794578157
sCSF,16.9,0.0204485260310011,0.57076151125459,3.41884193403132
sCSF,17,0.0194410159279559,0.553584390144751,3.38526502827267
sCSF,17.1,0.0184828321821513,0.536910807793221,3.34773632087467
sCSF,17.2,0.0175715823284306,0.522758262171373,3.30932649209293
sCSF,17.3,0.016704982999464,0.509185070514973,3.27133897239028
sCSF,17.4,0.0158808730220737,0.495959805222683,3.23376982840253
sCSF,17.5,0.0150971872842012,0.483073808636517,3.19661522330782
sCSF,17.6,0.0143519481971313,0.470518616491437,3.1598712961822
sCSF,17.7,0.01363153790384,0.457199292053378,3.12353418799056
sCSF,17.8,0.0129082801741068,0.44411827163664,3.0876000312496
sCSF,17.9,0.0122230145073511,0.432015249322203,3.05612156871898
sCSF,18,0.0115737642793911,0.41929941969356,3.02624012478637
sCSF,18.1,0.0109586768091451,0.40772738857077,2.99656718831497
sCSF,18.2,0.0103759745905892,0.396066793430664,2.96710320992333
sCSF,18.3,0.00984034429536361,0.384784158251272,2.93454115136665
sCSF,18.4,0.00935843089177669,0.374646194107905,2.90019176901477
sCSF,18.5,0.00890030433360852,0.364769983639976,2.86624204124994
sCSF,18.6,0.00846480774683793,0.35514903174532,2.83268751716687
sCSF,18.7,0.00804111484953872,0.345776991119808,2.79952378130853
sCSF,18.8,0.00762564796202611,0.336647660634636,2.76674645663015
sCSF,18.9,0.00723143351575695,0.328057357980119,2.73435120847277
sCSF,19,0.00685738471400061,0.319893763744806,2.70233370852871
sCSF,19.1,0.00650247546780873,0.311532726944959,2.66632014714571
sCSF,19.2,0.00616576600354532,0.30329511337896,2.62766675778419
sCSF,19.3,0.00585502542514779,0.294875697983039,2.58955487474288
sCSF,19.4,0.00556976643631859,0.286319934282764,2.56039035550694
sCSF,19.5,0.00529836856085378,0.277812121871445,2.53409595341608
sCSF,19.6,0.00504016369002395,0.269350537307968,2.50807849607563
sCSF,19.7,0.0047945104939209,0.26160516455906,2.48233522044267
sCSF,19.8,0.00456082525266461,0.25426160002569,2.45686337532901
sCSF,19.9,0.00433851150800436,0.247101735952507,2.43048609313222
sCSF,20,0.00412641498058874,0.239923732038555,2.40201860400693
sCSF,20.1,0.00392369591044028,0.232952973674437,2.37388423183446
sCSF,20.2,0.00373062009004354,0.226183530730463,2.34205564752328
sCSF,20.3,0.00354704547002593,0.219739079718799,2.30779655619032
sCSF,20.4,0.00336629880924426,0.213740014337419,2.27401858138796
sCSF,20.5,0.00318994470029528,0.20790192351686,2.24071578520926
sCSF,20.6,0.00302274914321474,0.202410325933089,2.20788229212813
sCSF,20.7,0.00286423486090703,0.197120254028638,2.17898142439223
sCSF,20.8,0.00271396778962657,0.191808904182713,2.1576381239934
sCSF,20.9,0.00257180196810929,0.18674049979477,2.13653346130998
sCSF,21,0.002437973441737,0.181683056411201,2.11563553729035
sCSF,21.1,0.0023110432475666,0.176584401114518,2.09494235933004
sCSF,21.2,0.00219067839784016,0.171514127473124,2.07005962377298
sCSF,21.3,0.00207653129966405,0.166712673352363,2.04413204038728
sCSF,21.4,0.00196828092134767,0.162479028230431,2.01971331342809
sCSF,21.5,0.00186562278352723,0.158265970251583,2.00015742260878
sCSF,21.6,0.00176827926492662,0.154067529539994,1.98078428954034
sCSF,21.7,0.00167598219002076,0.150720125383779,1.96159243658733
sCSF,21.8,0.00158846440763333,0.146966852850022,1.94258038973069
sCSF,21.9,0.00150547674869646,0.142962567642913,1.91951809964167
sCSF,22,0.00142678832296082,0.139002962001201,1.89556336947268
sCSF,22.1,0.00135218818372605,0.135150591753137,1.871911621722
sCSF,22.2,0.00128146197298586,0.131402650826449,1.84855906722651
sCSF,22.3,0.00121440563126585,0.12775640585787,1.82550196056228
sCSF,22.4,0.00115049201009336,0.12438518503347,1.80273659367938
sCSF,22.5,0.00109093548454241,0.121360108127541,1.78025930618934
sCSF,22.6,0.00103511783989891,0.118407775048712,1.75806648364526
sCSF,22.7,0.000982150380152326,0.115191136692613,1.73929235806981
sCSF,22.8,0.000931878844266645,0.111952109419864,1.72200487670026
sCSF,22.9,0.000884182821181655,0.108801954704267,1.7048898742542
sCSF,23,0.000838934125669949,0.10573832010883,1.68794562492907
sCSF,23.1,0.00079825174813878,0.102528849923657,1.67117042032427
sCSF,23.2,0.000757581406739986,0.0994967475954411,1.6526731477266
sCSF,23.3,0.000718321109992307,0.096602407090992,1.63391586848602
sCSF,23.4,0.000679858295976751,0.0937918487752974,1.61537461261546
sCSF,23.5,0.000643318101298422,0.0910626739701166,1.59704695391128
sCSF,23.6,0.000608732882852227,0.0886328786026389,1.57893048197869
sCSF,23.7,0.000576000133946514,0.0863139695386109,1.56102281437855
sCSF,23.8,0.00054501706012741,0.0840555443026694,1.54332159778039
sCSF,23.9,0.000515692381254102,0.0818560349202795,1.525824498876
sCSF,24,0.00048793571705693,0.079631154791541,1.50852920797325
sCSF,24.1,0.000461665716190047,0.0773634290200212,1.49143343712331
sCSF,24.2,0.00043680660010533,0.0752365763432831,1.47453491156314
sCSF,24.3,0.000413278351564218,0.0733501841547951,1.4576253783924
sCSF,24.4,0.000391012863331603,0.0713248289460052,1.43892723457415
sCSF,24.5,0.000370296052878609,0.0692645601906181,1.42045699297714
sCSF,24.6,0.000350762078902385,0.0671048875466304,1.40181137262783
sCSF,24.7,0.000332251747129166,0.065015691220303,1.3832805212507
sCSF,24.8,0.000314710693592584,0.063180846503473,1.36499102132548
sCSF,24.9,0.000298088528201132,0.0615318142590572,1.34693985533428
sCSF,25,0.000282336482693054,0.0599342321226561,1.32912403660465
