Compound,GMR,GMFE,Source,PS
Ethanol,0.840887675965733,1.65888460128744,in silico PAMPA,1.6
Ethanol,1.29984219190968,1.47895459483917,in vitro cell-based,24
Ethanol,1.30843567927619,1.47858200593303,in silico perfusion,29
Ethanol,1.34682645837418,1.47228542315105,optimized,221.999739373121
Ethanol,1.34682646567218,1.47228542118514,in situ perfusion,222
Ethanol,1.35348688616698,1.47031914539026,perfusion-limited,10000000000
Paracetamol,0.159998872356684,6.59809874013648,in vitro PAMPA,0.076
Paracetamol,0.926636669904041,1.25358378334413,in silico PAMPA,3.8
Paracetamol,0.962655628394105,1.23403627553296,in vitro cell-based,5
Paracetamol,1.03318905808678,1.21005173853491,optimized,10.377762907868
Paracetamol,1.07001289381531,1.22656412027785,in situ perfusion,20
Paracetamol,1.10163117696887,1.25527143506,in silico perfusion,83
Paracetamol,1.1108533073783,1.26699273526947,perfusion-limited,10000000000
Mannitol,0.356354901102231,2.80619123493721,in silico PAMPA,0.0081
Mannitol,0.80239341374565,1.4700594068761,optimized,0.0238321946701172
Mannitol,1.1413285586332,1.58517123725935,in vitro PAMPA,0.039
Mannitol,1.28342918449361,1.63369228541906,in situ perfusion,0.046
Mannitol,1.4000344549027,1.72220175080007,in silico perfusion,0.052
Mannitol,4.44255520180632,4.44255520180632,in vitro cell-based,0.28
Mannitol,18.4485157322991,18.4485157322991,perfusion-limited,10000000000
Ibuprofen,1.11859340439775,1.11859352859377,optimized,577.568774905738
Ibuprofen,1.29122676430188,1.29122676430188,in vitro PAMPA,1242
Ibuprofen,1.30340776071245,1.30340776071245,in silico PAMPA,1331
Ibuprofen,1.47853355342612,1.47853355342612,in silico perfusion,93885
Ibuprofen,1.47922107126964,1.47922107126964,in vitro cell-based,159300
Ibuprofen,1.47922371362847,1.47922371362847,in situ perfusion,159732
Ibuprofen,1.48018395117238,1.48018395117238,perfusion-limited,10000000000
Diazepam,0.361976570970489,3.2326712399815,in vitro cell-based,34
Diazepam,0.415443380574508,2.80806558956394,in vitro PAMPA,80
Diazepam,0.441487291494041,2.63917508921713,in silico PAMPA,166
Diazepam,0.462958334680919,2.51436254682524,in situ perfusion,4698
Diazepam,0.463051527750707,2.5138505763256,optimized,7768.69713080026
Diazepam,0.463051547384231,2.51385046882618,in silico perfusion,7770
Diazepam,0.463122317274187,2.51346754165759,perfusion-limited,10000000000
Indomethacin,1.05760552387312,1.38612356979557,optimized,309.31443995948
Indomethacin,1.83202906331717,1.83202906331717,in vitro PAMPA,1134
Indomethacin,2.01711202834649,2.01711202834649,in silico PAMPA,1810
Indomethacin,2.30427018017497,2.30427018017497,in situ perfusion,76212
Indomethacin,2.3046498809221,2.3046498809221,in vitro cell-based,83646
Indomethacin,2.30608649102356,2.30608649102356,in silico perfusion,135713
Indomethacin,2.30819053288976,2.30819053288976,perfusion-limited,10000000000
