Compound,Source,PS0_mL_per_g_per_s,P0_cm_per_s,Reference
Ethanol,in situ perfusion,0.0425,NaN,Smith et al. 2024
Ethanol,ex vivo UC,NaN,0.00004385,Rubbens et al. 2017
Paracetamol,in situ perfusion,0.0038,NaN,Avdeef 2012
Paracetamol,in vitro MDCK,NaN,0.00000923,Bowman et al. 2023
Paracetamol,in vitro PAMPA,NaN,0.00000014,Bowman et al. 2023
Mannitol,in situ perfusion,0.0000088,NaN,Smith et al. 2024
Mannitol,in vitro MDCK,NaN,0.00000051,Shah et al. 2007
Mannitol,in vitro PAMPA,NaN,0.0000000724,Könczöl et al. 2013
Ibuprofen,in situ perfusion,30.6,NaN,Smith et al. 2024
Ibuprofen,in vitro Caco-2,NaN,0.295,Avdeef 2012
Ibuprofen,in vitro PAMPA,NaN,0.0023,Tsinman et al. 2011
Diazepam,in situ perfusion,0.9,NaN,Smith et al. 2024
Diazepam,in vitro MDCK,NaN,0.000063096,Avdeef 2012
Diazepam,in vitro PAMPA,NaN,0.00014791,Tsinman et al. 2011
Indomethacin,in situ perfusion,14.6,NaN,Smith et al. 2024
Indomethacin,in vitro Caco-2,NaN,0.1549,Avdeef 2012
Indomethacin,in vitro PAMPA,NaN,0.0021,Tsinman et al. 2011
